S01900006275696C642F534D5F526F7665725F56312E73726563D9
S3150000C0000070002011C4000059C4000059C400008B
S3150000C01059C4000059C4000059C4000000000000C3
S3150000C02000000000000000000000000059C40000ED
S3150000C03059C400000000000059C40000252E01006C
S3150000C04035F300003FF3000049F3000053F300000E
S3150000C0505DF3000067F3000071F300007BF300005E
S3150000C06085F300008FF3000099F30000A3F30000AE
S3150000C070ADF30000B7F30000C1F30000CBF30000FE
S3150000C080D5F3000059C4000059C4000059C400008B
S3150000C09059C4000059C4000059C4000059C4000026
S3150000C0A07F1D0100891D010059C4000059C400000C
S3150000C0B059C4000059C4000059C4000059C4000006
S3150000C0C059C4000059C4000059C4000059C40000F6
S3150000C0D059C4000059C4000059C4000059C40000E6
S3150000C0E059C4000059C4000059C4000059C40000D6
S3150000C0F059C4000059C4000059C4000059C40000C6
S3150000C10059C4000059C4000059C4000059C40000B5
S3150000C11059C4000059C4000059C4000059C40000A5
S3150000C12059C4000059C40000972F010059C40000EB
S3150000C13059C4000059C4000059C4000059C4000085
S3150000C14059C4000059C4000059C4000059C4000075
S3150000C15059C4000059C4000059C4000059C4000065
S3150000C16059C4000059C4000059C4000059C4000055
S3150000C17059C4000059C40000E5F90000EFF90000B9
S3150000C180F9F9000003FA00000DFA000059C4000096
S3150000C19059C4000017FA000021FA000059C4000033
S3150000C1A02BFA000059C4000059C4000059C400000D
S3150000C1B035FA00003FFA000059C4000049FA0000B1
S3150000C1C059C4000059C4000059C40000A10401006C
S3150000C1D0AD040100B9040100C504010059C4000002
S3150000C1E059C40000D1040100DD040100E904010086
S3150000C1F0F504010059C4000059C4000001050100FE
S3150000C2000D050100190501002505010059C40000AE
S3150000C210B1320100310501003D050100490501006B
S3150000C2205505010059C4000059C4000059C4000056
S3150000C23059C4000059C4000059C4000059C4000084
S3150000C24059C4000059C4000059C4000059C4000074
S3150000C25059C4000059C4000059C4000059C4000064
S3150000C26059C4000059C4000059C4000059C4000054
S3150000C27059C4000059C4000059C4000059C4000044
S3150000C28059C4000059C4000059C4000059C4000034
S3150000C29059C4000059C4000059C4000059C4000024
S3150000C2A059C4000059C4000059C4000059C4000014
S3150000C2B059C4000059C4000059C4000059C4000004
S3150000C2C059C4000059C4000059C4000059C40000F4
S3150000C2D059C4000059C4000059C4000059C40000E4
S3150000C2E059C4000059C4000059C4000059C40000D4
S3150000C2F059C4000059C4000059C4000059C40000C4
S3150000C30059C4000059C4000059C4000059C40000B3
S3150000C31059C4000059C4000059C4000059C40000A3
S3150000C32059C4000059C4000059C4000059C4000093
S3150000C33059C4000059C4000059C4000059C4000083
S3150000C34059C4000059C4000059C4000059C4000073
S3150000C35059C4000059C4000059C4000059C4000063
S3150000C36059C4000059C4000059C4000059C4000053
S3150000C37059C4000059C4000059C4000059C4000043
S3150000C38059C4000059C4000059C4000059C4000033
S3150000C39059C4000059C4000059C4000059C4000023
S3150000C3A059C4000059C4000059C4000059C4000013
S3150000C3B059C4000059C4000059C4000059C4000003
S3150000C3C059C4000059C4000059C4000059C40000F3
S3150000C3D059C4000059C4000059C4000059C40000E3
S3150000C3E059C4000059C4000059C4000059C40000D3
S3150000C3F059C4000059C4000059C40000FFFFFFFFE4
S3150000C400FFFFFFFFFFFFFFFFFFFFFFFFFE7FFFFFB7
S3150000C41072B64FF000014FF000024FF000034FF0EC
S3150000C42000044FF000054FF000064FF00007B84635
S3150000C430B946BA46BB46BC460448854604488047CA
S3150000C4400448804762B608F045F9FEE70070002010
S3150000C450B9D20000F5D20000FFF7FEBF81F000411F
S3150000C46002E000BF83F0004330B54FEA41044FEAD3
S3150000C470430594EA050F08BF90EA020F1FBF54EA6E
S3150000C480000C55EA020C7FEA645C7FEA655C00F00A
S3150000C490E2804FEA5454D4EB5555B8BF6D420CDDDB
S3150000C4A02C4480EA020281EA030382EA000083EA5E
S3150000C4B0010180EA020281EA0303362D88BF30BDFE
S3150000C4C011F0004F4FEA01314FF4801C4CEA113154
S3150000C4D002D0404261EB410113F0004F4FEA0333B3
S3150000C4E04CEA133302D0524263EB430394EA050F3E
S3150000C4F000F0A780A4F10104D5F1200E0DDB02FAAD
S3150000C5000EFC22FA05F2801841F1000103FA0EF240
S3150000C510801843FA05F359410EE0A5F120050EF106
S3150000C520200E012A03FA0EFC28BF4CF0020C43FA37
S3150000C53005F3C01851EBE37101F0004507D54FF044
S3150000C540000EDCF1000C7EEB00006EEB0101B1F594
S3150000C550801F1BD3B1F5001F0CD349085FEA3000DA
S3150000C5604FEA3C0C04F101044FEA445212F5800FE5
S3150000C57080F09A80BCF1004F08BF5FEA500C50F182
S3150000C580000041EB045141EA050130BD5FEA4C0C65
S3150000C590404141EB010111F4801FA4F10104E9D1EE
S3150000C5A091F0000F04BF01460020B1FA81F308BFE5
S3150000C5B02033A3F10B03B3F120020CDA0C3208DDB1
S3150000C5C002F1140CC2F10C0201FA0CF021FA02F18C
S3150000C5D00CE002F11402D8BFC2F1200C01FA02F1FC
S3150000C5E020FA0CFCDCBF41EA0C019040E41AA2BF21
S3150000C5F001EB0451294330BD6FEA04041F3C1CDAE9
S3150000C6000C340EDC04F11404C4F1200220FA04F008
S3150000C61001FA02F340EA030021FA04F345EA0301B2
S3150000C62030BDC4F10C04C4F1200220FA02F001FA74
S3150000C63004F340EA0300294630BD21FA04F02946F6
S3150000C64030BD94F0000F83F4801306BF81F480118F
S3150000C6500134013D4EE77FEA645C18BF7FEA655C02
S3150000C66029D094EA050F08BF90EA020F05D054EAD4
S3150000C670000C04BF1946104630BD91EA030F1EBFD9
S3150000C6800021002030BD5FEA545C05D140004941DD
S3150000C69028BF41F0004130BD14F580043CBF01F5D0
S3150000C6A0801130BD01F0004545F0FE4141F47001B6
S3150000C6B04FF0000030BD7FEA645C1ABF1946104691
S3150000C6C07FEA655C1CBF0B46024650EA013406BF92
S3150000C6D052EA033591EA030F41F4002130BD00BF51
S3150000C6E090F0000F04BF0021704730B54FF480640E
S3150000C6F004F132044FF000054FF0000150E700BF8F
S3150000C70090F0000F04BF0021704730B54FF48064ED
S3150000C71004F1320410F0004548BF40424FF00001DA
S3150000C7203EE700BF42004FEAE2014FEA31014FEA1D
S3150000C73002701FBF12F07F4393F07F4F81F060516C
S3150000C740704732F07F4208BF704793F07F4F04BFB7
S3150000C75041F40021704730B54FF4607401F0004594
S3150000C76021F000411CE700BF50EA010208BF7047F4
S3150000C77030B54FF000050AE050EA010208BF7047E5
S3150000C78030B511F0004502D5404261EB41014FF44E
S3150000C790806404F132045FEA915C3FF4D8AE4FF056
S3150000C7A003025FEADC0C18BF03325FEADC0C18BF39
S3150000C7B0033202EBDC02C2F1200300FA03FC20FA8A
S3150000C7C002F001FA03FE40EA0E0021FA02F11444D7
S3150000C7D0BDE600BF70B54FF0FF0C4CF4E06C1CEAF0
S3150000C7E011541DBF1CEA135594EA0C0F95EA0C0F61
S3150000C7F000F0DEF82C4481EA030621EA4C5123EAD4
S3150000C8004C5350EA013518BF52EA033541F4801102
S3150000C81043F4801338D0A0FB02CE4FF00005E1FBB5
S3150000C82002E506F00042E0FB03E54FF00006E1FBFF
S3150000C83003569CF0000F18BF4EF0010EA4F1FF0442
S3150000C840B6F5007F64F5407404D25FEA4E0E6D4182
S3150000C85046EB060642EAC62141EA55514FEAC52093
S3150000C86040EA5E504FEACE2EB4F1FD0C88BFBCF50F
S3150000C870E06F1ED8BEF1004F08BF5FEA500E50F1C0
S3150000C880000041EB045170BD06F0004646EA010186
S3150000C89040EA020081EA0301B4EB5C04C2BFD4EBB8
S3150000C8A00C0541EA045170BD41F480114FF0000EB1
S3150000C8B0013C00F3AB8014F1360FDEBF002001F01F
S3150000C8C0004170BDC4F10004203C35DA0C341BDC99
S3150000C8D004F11404C4F1200500FA05F320FA04F06B
S3150000C8E001FA05F240EA020001F0004221F000419F
S3150000C8F010EBD37021FA04F642EB06015EEA430E12
S3150000C90008BF20EAD37070BDC4F10C04C4F1200541
S3150000C91000FA04F320FA05F001FA04F240EA0200F4
S3150000C92001F0004110EBD37041F100015EEA430EC5
S3150000C93008BF20EAD37070BDC4F1200500FA05F2E5
S3150000C9404EEA020E20FA04F301FA05F243EA020364
S3150000C95021FA04F001F0004121FA04F220EA020073
S3150000C96000EBD3705EEA430E08BF20EAD37070BDB9
S3150000C97094F0000F0FD101F00046400041EB010199
S3150000C98011F4801F08BF013CF7D041EA060195F07B
S3150000C990000F18BF704703F00046520043EB030335
S3150000C9A013F4801F08BF013DF7D043EA0603704722
S3150000C9B094EA0C0F0CEA135518BF95EA0C0F0CD02D
S3150000C9C050EA410618BF52EA4306D1D181EA030173
S3150000C9D001F000414FF0000070BD50EA410606BF6D
S3150000C9E01046194652EA430619D094EA0C0F02D1B2
S3150000C9F050EA013613D195EA0C0F05D152EA0336F7
S3150000CA001CBF104619460AD181EA030101F0004114
S3150000CA1041F0FE4141F470014FF0000070BD41F05D
S3150000CA20FE4141F4780170BD70B54FF0FF0C4CF437
S3150000CA30E06C1CEA11541DBF1CEA135594EA0C0F56
S3150000CA4095EA0C0F00F0A7F8A4EB050481EA030EA3
S3150000CA5052EA03354FEA013100F088804FEA03338A
S3150000CA604FF0805545EA131343EA12634FEA022258
S3150000CA7045EA111545EA10654FEA00260EF0004119
S3150000CA809D4208BF964244F1FD0404F5407402D26B
S3150000CA905B084FEA3202B61A65EB03055B084FEAFC
S3150000CAA032024FF480104FF4002CB6EB020E75EBF9
S3150000CAB0030E22BFB61A754640EA0C005B084FEA21
S3150000CAC03202B6EB020E75EB030E22BFB61A75469E
S3150000CAD040EA5C005B084FEA3202B6EB020E75EBE9
S3150000CAE0030E22BFB61A754640EA9C005B084FEA61
S3150000CAF03202B6EB020E75EB030E22BFB61A75466E
S3150000CB0040EADC0055EA060E18D04FEA051545EA5C
S3150000CB1016754FEA06164FEAC30343EA52734FEA05
S3150000CB20C2025FEA1C1CC0D111F4801F0BD141EA7E
S3150000CB3000014FF000004FF0004CB6E711F4801FE3
S3150000CB4004BF01430020B4F1FD0C88BFBCF5E06FC3
S3150000CB503FF6AFAEB5EB030C04BFB6EB020C5FEAD3
S3150000CB60500C50F1000041EB045170BD0EF0004E28
S3150000CB704EEA113114EB5C04C2BFD4EB0C0541EA5A
S3150000CB80045170BD41F480114FF0000E013C90E657
S3150000CB9045EA060E8DE60CEA135594EA0C0F08BF1B
S3150000CBA095EA0C0F3FF43BAF94EA0C0F0AD150EA1A
S3150000CBB001347FF434AF95EA0C0F7FF425AF1046AD
S3150000CBC019462CE795EA0C0F06D152EA03353FF4D5
S3150000CBD0FDAE1046194622E750EA410618BF52EA52
S3150000CBE043067FF4C5AE50EA41047FF40DAF52EA26
S3150000CBF043057FF4EBAE12E74FF0FF3C06E000BFC3
S3150000CC004FF0010C02E000BF4FF0010C4DF804CDCF
S3150000CC104FEA410C7FEA6C5C4FEA430C18BF7FEA8F
S3150000CC206C5C1BD001B050EA410C0CBF52EA430CBD
S3150000CC3091EA030F02BF90EA020F0020704710F13D
S3150000CC40000F91EA030F58BF994208BF90422CBFCC
S3150000CC50D8176FEAE37040F0010070474FEA410CC5
S3150000CC607FEA6C5C02D150EA013C07D14FEA430CE3
S3150000CC707FEA6C5CD6D152EA033CD3D05DF8040B54
S3150000CC80704700BF8446104662468C461946634686
S3150000CC9000E000BF01B5FFF7B7FF002848BF10F15D
S3150000CCA0000F01BD4DF808EDFFF7F4FF0CBF0120A2
S3150000CCB000205DF808FB00BF4DF808EDFFF7EAFF1E
S3150000CCC034BF012000205DF808FB00BF4DF808EDD9
S3150000CCD0FFF7E0FF94BF012000205DF808FB00BFCE
S3150000CCE04DF808EDFFF7CEFF94BF012000205DF858
S3150000CCF008FB00BF4DF808EDFFF7C4FF34BF012065
S3150000CD0000205DF808FB00BF4FEA410C7FEA6C5C2F
S3150000CD1002D150EA013C0AD14FEA430C7FEA6C5C2F
S3150000CD2002D152EA033C02D14FF0000070474FF0A7
S3150000CD30010070474FEA410212F5001215D211D5D3
S3150000CD406FF47873B3EB625212D94FEAC12343F002
S3150000CD50004343EA505311F0004F23FA02F018BF84
S3150000CD60404270474FF00000704750EA013005D14D
S3150000CD7011F0004008BF6FF0004070474FF0000010
S3150000CD80704700BF4A0011D212F5001211D20DD51C
S3150000CD906FF47873B3EB62520ED44FEAC12343F0BB
S3150000CDA0004343EA505323FA02F070474FF0000065
S3150000CDB0704750EA013002D14FF0FF3070474FF014
S3150000CDC0000070474FEA4102B2F1E04324BFB3F5D9
S3150000CDD0001CDCF1FE5C0DD901F0004C4FEAC002EC
S3150000CDE04CEA5070B2F1004F40EB830008BF20F0D0
S3150000CDF00100704711F0804F21D113F13872BCBF8A
S3150000CE0001F00040704741F480114FEA5252C2F1DE
S3150000CE101802C2F1200C10FA0CF320FA02F018BF27
S3150000CE2040F001004FEAC1234FEAD32303FA0CFC7A
S3150000CE3040EA0C0023FA02F34FEA4303CCE77FEA09
S3150000CE40625307D150EA01331EBF4FF0FE4040F453
S3150000CE504000704701F0004040F0FE4040F4000002
S3150000CE60704700BF53B94AB9002908BF00281CBF44
S3150000CE704FF0FF314FF0FF3000F07EB9ADF1080CF6
S3150000CE806DE904CE00F006F8DDF804E0DDE90223E2
S3150000CE9004B070472DE9F047089D04468E46002BE6
S3150000CEA04ED18A4294466DD9B2FA82F757B1C7F18C
S3150000CEB0200EB94020FA0EFE02FA07FC4EEA010ED9
S3150000CEC000FA07F44FEA1C49210CBEFBF9F61FFADB
S3150000CED08CF809FB16EE41EA0E4106FB08F38B427D
S3150000CEE00AD91CEB010106F1FF3280F027818B4243
S3150000CEF040F22481023E6144C91AA4B2B1FBF9F0A2
S3150000CF0009FB101144EA014400FB08F8A0450AD9C0
S3150000CF101CEB040400F1FF3380F00E81A04540F2C3
S3150000CF200B810238644440EA0640A4EB080400265C
S3150000CF307DB1FC4000232C606B603146BDE8F08774
S3150000CF408B4209D9002D00F01481002685E80300E4
S3150000CF5030463146BDE8F087B3FA83F6002E40F03E
S3150000CF6090808B4202D3824200F2FD80841A61EBEC
S3150000CF70030101208E46002DEBD085E81040314696
S3150000CF80BDE8F0871AB94FF0010CBCFBF2FCBCFA05
S3150000CF908CF7A7BBA1EB0C034FEA1C421FFA8CF8D7
S3150000CFA00126B3FBF2FE210C02FB1E3341EA0341CC
S3150000CFB008FB0EF38B4208D91CEB01010EF1FF3082
S3150000CFC002D28B4200F2D1808646C91AA3B2B1FBC7
S3150000CFD0F2F002FB101143EA014408FB00F8A045F9
S3150000CFE008D91CEB040400F1FF3302D2A04500F27D
S3150000CFF0B7801846A4EB080440EA0E4098E7C7F14C
S3150000D000200301FA07F40CFA07FC20FA03FED940C4
S3150000D0104FEA1C424EEA040EB1FBF2F64FEA1E43FB
S3150000D02002FB16111FFA8CF843EA014306FB08F1CE
S3150000D030994200FA07F40AD91CEB030306F1FF3004
S3150000D04080F08C80994240F28980023E63445B1AEC
S3150000D0501FFA8EF1B3FBF2F002FB103341EA0341F3
S3150000D06000FB08F38B4208D91CEB010100F1FF3EDF
S3150000D07070D28B426ED902386144CB1A40EA06461A
S3150000D0808FE7C6F1200722FA07F8B34001FA06F443
S3150000D09048EA030320FA07FC4FEA134EF9404CEA2C
S3150000D0A0040CB1FBFEF94FEA1C440EFB19111FFAE2
S3150000D0B083F844EA014109FB08F48C4202FA06F2BD
S3150000D0C000FA06FA08D9591809F1FF3044D28C4201
S3150000D0D042D9A9F102091944091B1FFA8CFCB1FBBC
S3150000D0E0FEF00EFB10114CEA014400FB08F8A045C7
S3150000D0F007D91C1900F1FF312AD2A04528D90238D8
S3150000D1001C4440EA0940A4EB0804A0FB02894C45F4
S3150000D110C446494616D313D055B1BAEB0C0364EB9B
S3150000D120010404FA07F7F3401F43F4402F606C60D4
S3150000D13000263146BDE8F0871846F4E61646DBE6DB
S3150000D140C245E9D2B8EB020C69EB03010138E3E70B
S3150000D1500846D6E7704690E78146BDE7064676E77D
S3150000D1600238644446E7304605E7AEF1020E6144F4
S3150000D1702BE72E462846ECE6704700BF10F8012B39
S3150000D18011F8013B012A28BF9A42F7D0D01A7047FE
S3150000D190034613F8012B002AFBD1181A01387047F1
S3150000D1A001F0FF01102A2BDB10F0070F08D010F852
S3150000D1B0013B013A8B422DD010F0070F42B3F6D156
S3150000D1C0F0B441EA012141EA014122F007047FF06F
S3150000D1D000070023F0E80256083C85EA010586EAC6
S3150000D1E0010685FA47F5A3FA87F586FA47F6A5FA02
S3150000D1F087F68EB9EED1F0BC01F0FF0102F007020E
S3150000D20032B110F8013B013A83EA010313B1F8D1B8
S3150000D2100020704701387047002D06BF3546033899
S3150000D220073815F0010F07D1013015F4807F02BFD2
S3150000D230013015F4C03F0130F0BC0138704700BF23
S3150000D24038B50022002304460D46FFF735FD28B900
S3150000D25020462946BDE8384000F00AB8204605F1C8
S3150000D260004100F005F8404261EB410138BD00BFC6
S3150000D270D0B500220E4B06460F46FFF7ABFAFFF776
S3150000D28081FD0446FFF72CFA00220A4BFFF7A2FAAB
S3150000D29002460B4630463946FFF7E4F8FFF772FDC3
S3150000D2A02346002242EA000210461946D0BD00BFBE
S3150000D2B00000F03D0000F0414FF0E023D3F8882D48
S3150000D2C042F47002C3F8882DD3F8342F22F080423E
S3150000D2D0C3F8342F054B064A5A605A6842F22012A8
S3150000D2E01A604FF6FF729A60704700BF0020054033
S3150000D2F020C528D9264B274A9A4208D013462448E7
S3150000D300254A13F8011B02F8011B9842F9D1234B59
S3150000D310234A9A4208D013462048224A13F8011B92
S3150000D32002F8011B8342F9D11F4B204A9A4206D0CC
S3150000D330134600211C4A03F8011B9342FBD11C4BE8
S3150000D3401C4A9A4208D0134619481B4A13F8011B77
S3150000D35002F8011B8342F9D1184B194A9A4212D09E
S3150000D36010B4184CA40808D01946002351F8040B31
S3150000D37042F8040B0133A342F8D1134B104A1A604A
S3150000D3805DF8044B7047104B0C4A1A60704700BF9B
S3150000D3900C5B0200444B02000084FF1F0C5B020082
S3150000D3A00C5B0200C893FF1F980F002000000020AE
S3150000D3B00C5B02000C5B02000000002000C00000B5
S3150000D3C00080FF1F0004000008ED00E0074B5B69CA
S3150000D3D0DBB2042B06D0802B06D0012B0CBF01201C
S3150000D3E004207047022070470320704700E0074082
S3150000D3F0044BD3F8003113F0807F1ABF024B186834
S3150000D40000207047004006402000002010B584B080
S3150000D4100B46002938D0444AD2F8002112F0007F8A
S3150000D4207DD1414AD2F8001121F40001C2F8001161
S3150000D4304FF08061C2F8001100213C4A11600028BB
S3150000D44070D05A7A120202F4E062197A01F00701EA
S3150000D4500A433548C0F80421DA79120102F0300295
S3150000D4609979C90001F008010A435979890001F048
S3150000D47004010A43C0F808211A79012A2FD0CAB13B
S3150000D480022A38D000BEFEE700238DF804308DF85E
S3150000D4900C3001228DF808208DF809208DF8052022
S3150000D4A08DF8063002238DF8073004AB204A43F886
S3150000D4B0102DB0E71A7B002A14BF4FF40002002299
S3150000D4C042F001021849C1F800211A68174B1A6088
S3150000D4D0184CFFF78DFFE8B9D4B1013CF9E71A7B88
S3150000D4E0002A14BF4FF40002002242F001120E4936
S3150000D4F0C1F80021E9E71A7B002A14BF4FF40302A2
S3150000D5004FF4403242F001020749C1F80021DCE73E
S3150000D510032005E0002C14BF0020032000E00220B9
S3150000D52004B010BD0020FBE70040064020000020AC
S3150000D53000127A0088E73000084BD3F8003213F067
S3150000D540807F09D0054BD3F8083203F00103002B86
S3150000D550034808BF0020704700207047004006407F
S3150000D56000127A0010B582B00B46002938D02D4A39
S3150000D570D2F8002212F0007F4FD12A4AD2F80012C8
S3150000D58021F40001C2F800120021C2F8001200289E
S3150000D59046D09A78120202F4E062597801F0070147
S3150000D5A00A432049C1F804221A7802F00102C1F8A0
S3150000D5B0082259799A791B79002B14BF032301237A
S3150000D5C0002914BF042100210B43002A14BF4FF485
S3150000D5D0000200221343134AC2F80032642410E00A
S3150000D5E000238DF8043001228DF805208DF80630D1
S3150000D5F08DF801208DF8022002AB03F8082DB6E75E
S3150000D600013CFFF799FF18B9002CF9D1032005E07A
S3150000D610002C14BF0020032000E0022002B010BD41
S3150000D6200020FBE700400640054BD3F8003313F01B
S3150000D630807F1DBF024BD3F8083302480020704795
S3150000D64000400640006CDC0210B582B00B46002993
S3150000D65032D0294AD2F8002312F0007F47D1264A59
S3150000D660D2F8001321F40001C2F800134FF08061D4
S3150000D670C2F8001300283DD09A78120202F4E06244
S3150000D680597801F007010A431B49C1F804231A78A7
S3150000D69002F00302C1F808239A795B79002B14BFC4
S3150000D6A001230923002A14BF4FF40002002213436A
S3150000D6B0C1F8003364240EE001238DF80530002202
S3150000D6C08DF806208DF801308DF8023002AB03F894
S3150000D6D0082DBEE7013CFFF7A7FF18B9002CF9D1CA
S3150000D6E0032005E0002C14BF0020032000E00220E8
S3150000D6F002B010BD0020FBE70040064008B50F4B06
S3150000D700D3F8003613F0807F02D10023184608BDF7
S3150000D710FFF76EFE03460028F8D00849D1F8082620
S3150000D720C2F302220132B0FBF2F3D1F80826C2F3AB
S3150000D7300442103203FB02F35B08E7E700400640B1
S3150000D74010B584B00C4689B900238DF804308DF8E5
S3150000D7500B3001228DF808208DF809208DF8053050
S3150000D76007228DF806208DF8073001AC3D4BD3F823
S3150000D770003613F0007F71D13A4BD3F8002622F41D
S3150000D7800002C3F800264FF08062C3F80026002886
S3150000D79066D0FFF72DFE034608B900BEFEE76078A7
S3150000D7A00130B3FBF0F0A0F5F400A0F590502E4B3D
S3150000D7B0984201D900BEFEE763791B0203F4E063D9
S3150000D7C0227902F0070213432649C1F8043663782A
S3150000D7D01B0203F4E063A278120402F4F812134366
S3150000D7E0C1F808362378012B18D01BB1022B21D0A3
S3150000D7F000BEFEE7E379002B14BF4FF400030023BD
S3150000D80043F00103174AC2F800364FF47A74FFF763
S3150000D81075FFF0B9DCB9032004B010BDE379002B25
S3150000D82014BF4FF40003002343F001130D4AC2F85E
S3150000D8300036EAE7E379002B14BF4FF403034FF4F5
S3150000D840403343F00103074AC2F80036DDE7013CE6
S3150000D850DDE7002C14BF00200320DDE70220DBE714
S3150000D8600020D9E70040064000366E012DE9F84356
S3150000D87091F802904E780D780746003018BF0120C7
S3150000D88008B900BEFEE780460C46CB78022B50D086
S3150000D89003D8012B08D0002008E0032B4CD0062B20
S3150000D8A0F9D1FFF72BFF01E0FFF7A2FD09F1010215
S3150000D8B006FB022605FB02250309022F3FD0032F94
S3150000D8C073D0012F40F0B080E1780C2000FB01F00E
S3150000D8D0644F3858000902FB00F2934200F2A6801A
S3150000D8E00C2202FB01725268120906FB02F6B342D1
S3150000D8F000F29F800C2202FB01729268120905FB5E
S3150000D90002F5AB4200F29880A3781B0403F470235F
S3150000D910090601F070610B43227802F00F021343EF
S3150000D92062781201D2B213434F4A53610020BDE818
S3150000D930F883FFF701FEB9E7FFF776FEB6E7E17871
S3150000D940022901D000BEFEE70C2000FB01F0474F84
S3150000D9503858000902FB00F2934270D80C2202FBF1
S3150000D96001725268120906FB02F6B3426AD80C220B
S3150000D97002FB01729268120905FB02F5AB4264D8FC
S3150000D980A3781B0403F47023090601F070610B43AE
S3150000D990227802F00F02134362781201D2B21343C7
S3150000D9A0314A93610020BDE8F883E178032905D068
S3150000D9B0062914BF4FF000084FF00108B8F1000F18
S3150000D9C001D100BEFEE70C2000FB01F0284F3858BD
S3150000D9D0000902FB00F293423AD80C2202FB0172C4
S3150000D9E05268120906FB02F6B34234D80C2202FB37
S3150000D9F001729268120905FB02F5AB422ED8A37894
S3150000DA001B0403F47023090601F070610B432278AE
S3150000DA1002F00F02134362781201D2B21343124A84
S3150000DA20D3610020BDE8F88300BEFEE70120BDE813
S3150000DA30F8830120BDE8F8830120BDE8F8830120C2
S3150000DA40BDE8F8830120BDE8F8830120BDE8F8832E
S3150000DA500120BDE8F8830120BDE8F8830120BDE878
S3150000DA60F88300BFC4ED01000040064018EE010037
S3150000DA7070ED010008B900BEFEE710B50446C37894
S3150000DA80FF2B01D100BEFEE7FFF7A0FC042801D161
S3150000DA9000BEFEE72146FFF7E9FE034658B9E478E3
S3150000DAA00A220848013A0169C1F303618C4204D095
S3150000DAB0002AF7D10323184610BD002A08BF032306
S3150000DAC0F9E700BF00400640022801D900BEFEE784
S3150000DAD010B504461B4B1B69C3F30363022B1BD013
S3150000DAE006D9032B1BD0062B04D1FFF707FE05E052
S3150000DAF0012B01D0002001E0FFF77AFC114B1B69D6
S3150000DB00C3F303430133B0FBF3F0012C0AD0C4B1D5
S3150000DB10022C0FD0002010BDFFF70EFDEEE7FFF739
S3150000DB2083FDEBE7074B1B69C3F303130133B0FB1C
S3150000DB30F3F010BD034B1B6903F00F030133B0FB79
S3150000DB40F3F010BD0040064008B5104B1B6AC3F346
S3150000DB500363022B11D005D85BB1012B13D1FFF75C
S3150000DB6047FC08BD032B0BD0062B0CD1FFF7C6FDD7
S3150000DB7008BD0220FFF7A8FF08BDFFF7DDFC08BDC2
S3150000DB80FFF752FD08BD002008BD00BF004006405B
S3150000DB9008B519B1012931D000BEFEE7052816D017
S3150000DBA009D8042828D1FFF7C7FC2A4BD3F804323A
S3150000DBB003F0070312E0062816D007281CD1FFF74A
S3150000DBC09DFD244BD3F8043603F0070306E0FFF768
S3150000DBD02BFD204BD3F8043303F0070313B1013BAD
S3150000DBE020FA03F3184608BDFFF702FC194BD3F8D9
S3150000DBF0043103F00703F1E700BEFEE7052816D05F
S3150000DC0009D8042823D1FFF797FC124BD3F8043226
S3150000DC10C3F30223E2E7062811D0072817D1FFF73E
S3150000DC206DFD0C4BD3F80436C3F30223D6E7FFF79A
S3150000DC30FBFC084BD3F80433C3F30223CEE7FFF70C
S3150000DC40D7FB044BD3F80431C3F30223C6E700BE67
S3150000DC50FEE700BF0040064008B5114B1B69C3F341
S3150000DC600113012B0BD02BB1022B11D0032B12D099
S3150000DC70002008BD00210620FFF78AFF08BD084BDB
S3150000DC80186900F00200002818BF4FF4FA4008BDDA
S3150000DC90044B186808BD00210520FFF779FF08BD71
S3150000DCA00080044000000020134B1B69C3F381036E
S3150000DCB0012B06D0EBB1022B05D0032B0CD000BEF6
S3150000DCC0FEE7002070470C4B186900F002000028A0
S3150000DCD018BF4FF4FA407047074B186910F002005E
S3150000DCE009D0186900F00100002818BF4FF47A70B7
S3150000DCF070474FF4FA3070470080044008B5294B4E
S3150000DD005B6813F4006F4AD0264B5B68C3F30313BA
S3150000DD10072B35D00AD90A2B3ED017D8082B33D07B
S3150000DD20092B1AD10120FFF7CFFE17E0022B1DD0D9
S3150000DD3008D9042B1FD0062B0FD101210520FFF790
S3150000DD4027FF0BE04BB9FFF7FFFE07E00C2B20D0B7
S3150000DD500E2B02D1FFF780FF00E00020114B5B681D
S3150000DD60C3F302230133B0FBF3F008BD0121062003
S3150000DD70FFF70EFFF2E701210420FFF709FFEDE7A9
S3150000DD800020FFF7A1FEE9E701210720FFF700FFCA
S3150000DD90E4E7FFF789FFE1E74FF4FA30DEE700201A
S3150000DDA008BD00BF0080044010B50C461C286FD08B
S3150000DDB022D8182855D010D816283ED047D815286E
S3150000DDC040F0A7805F4BDB68C3F30163022B00F2D0
S3150000DDD0AB805D4A52F8233005E01A284AD04DD868
S3150000DDE0FFF78CFF03460020002B00F09580002CE7
S3150000DDF000F0A680236010BD20286FD010D81E2802
S3150000DE0058D060D8514B9B78DB0940F097804D4B3A
S3150000DE101B6903F00203002B18BF4FF4FA43E2E735
S3150000DE2022286DD063D3232873D1464B1B6C13F085
S3150000DE3001034DD14FF48070D9E7424BDB68C3F341
S3150000DE408163022B72D8404A52F82330CBE73D4B10
S3150000DE50DB68C3F30173022B6AD83B4A52F82330BE
S3150000DE60C1E7384BDB689B0F022B63D8364A52F862
S3150000DE702330B8E7FFF7F0FE0346B4E7334B9B7851
S3150000DE80DB0901D00023AEE7FFF70EFF0346AAE742
S3150000DE902E4B9B78DB094FD12A4B1B6913F00203EB
S3150000DEA0A1D0284B1B6903F00103002B18BF4FF4C8
S3150000DEB07A7398E7254B9B78DB09002B14BF002368
S3150000DEC04FF4FA338FE71F4B1B6CC3F3001343B3B6
S3150000DED00120FFF7F9FD0346002085E7194B1B6C6F
S3150000DEE0C3F3C003002BF3D14FF480707FE7154BCB
S3150000DEF01B6CC3F38003002BEAD14FF4807076E7E6
S3150000DF00104B1B6CC3F34003002BE1D14FF4807020
S3150000DF106DE70420002367E7042818BF4FF48070DC
S3150000DF2065E74FF4807062E700235CE700235AE759
S3150000DF30002358E7002356E7002354E7002352E75F
S3150000DF4010BD00BF008004400400002000D0074040
S3150000DF5030B583B0002301932F4B33F810309B006C
S3150000DF6003F1804303F5CA231D68C5F3C0051C6889
S3150000DF7004F00704AC4226D31A6812F0804F22D070
S3150000DF801B68C3F30263022B20D008D8012B0FD0E5
S3150000DF903D2835D024D83C282CD000240CE0032B77
S3150000DFA019D0062BF4D10720FFF7F2FD019003E00C
S3150000DFB00620FFF7EDFD01900134019BB3FBF4F45D
S3150000DFC005FB04440194019803B030BD0420FFF71B
S3150000DFD0DFFD0190F0E70520FFF7DAFD0190EBE7A2
S3150000DFE03E2813D03F28D8D101A91820FFF7DCFE20
S3150000DFF00024E1E701A91520FFF7D6FE0024DBE7A0
S3150000E00001A91620FFF7D0FE0024D5E701A91720A5
S3150000E010FFF7CAFE0024CFE7D0EC0100F0B5A5B0AB
S3150000E0200446FFF7D3F9012801D000BEFEE72CB164
S3150000E0302646002C40F0718100BEFEE701238DF8D4
S3150000E0400B3000228DF80C208DF80D308DF80E2047
S3150000E0508DF808308DF809308DF80A308DF81630B5
S3150000E0608DF814308DF815208DF80F208DF81030AE
S3150000E0708DF811308DF838300D928DF82530BA496B
S3150000E08006918DF81C208DF824208DF81D308DF812
S3150000E0901E2002208DF81F008DF820308DF82130CB
S3150000E0A08DF830308DF828208DF82F208DF8292016
S3150000E0B00C218DF82A108DF82B208DF82C308DF838
S3150000E0C02D308DF83D3003218DF83C108DF84B3006
S3150000E0D08DF841108DF840208DF83F308DF83E3098
S3150000E0E08DF845008DF844308DF843208DF84210A8
S3150000E0F006208DF849008DF848208DF847308DF8B8
S3150000E10046109A492291202121918DF84C308DF8A4
S3150000E1104D208DF84E208DF84F208DF850308DF81B
S3150000E12054308DF853308DF852208DF851208DF8EB
S3150000E13078308DF879308DF87A308DF87B308DF81F
S3150000E1407C308DF87D308DF883308DF858301792FD
S3150000E150189219921A921B921C921D928DF87E307B
S3150000E1608DF87F308DF880208DF881208DF8822003
S3150000E1708DF88C308DF88D308DF88E2002AE3446B9
S3150000E1807B4B1B69C3F30363032B1CD0FFF74CFACD
S3150000E19038B900210120FFF757FA0546002840F05C
S3150000E1A0B98003238DF8073000228DF8062001225E
S3150000E1B08DF8052024A800F88C3DFFF75BFC05468A
S3150000E1C0002840F0A7803146E078FFF7CBF90546F6
S3150000E1D068B904F11001607FFFF718F9054630B9F8
S3150000E1E004F1200194F82800FFF7AAFA0546FFF784
S3150000E1F0EDF8022800F09980032800F099800128A4
S3150000E20040F0998004F13606002D53D1F378032BA4
S3150000E21040F0938094F82830002B00F0F381062319
S3150000E2208DF8073002238DF8063001238DF805306E
S3150000E23024A800F88C3DFFF71DFC0546637F7BB1E3
S3150000E240012820D101238DF8073000228DF8062001
S3150000E2508DF8053024A800F88C3DFFF70BFC054629
S3150000E260E37883B1012D0ED102238DF80730002308
S3150000E2708DF806308DF8053024A8012300F88C3D72
S3150000E280FFF7F8FB0546ADB9E11DA07BFFF7DCF90A
S3150000E290054678B9F3788DF80730B3788DF80630EF
S3150000E2A073788DF80530337824A800F88C3DFFF795
S3150000E2B0E1FB054675BB00222E4B1A6094F8303000
S3150000E2C013B1E26A2B4B1A6094F8353053B12849E2
S3150000E2D00A6A22F0706294F834301B0603F0706309
S3150000E2E013430B6294F84330D3B104F13601012095
S3150000E2F0FFF7BCFA054668B904F13A010220FFF7B8
S3150000E300B5FA054630B904F13E010320FFF7AEFA2F
S3150000E310054628B1284625B0F0BD002C7FF430AF65
S3150000E32014F1440F28D100BEFEE704F13A066BE76C
S3150000E33004F13E0668E700BEFEE78DF80730B378C5
S3150000E3408DF8063073788DF80530337824A800F8F8
S3150000E3508C3DFFF78FFB05460028ABD1E11DA07B66
S3150000E360FFF772F90546A5E700127A000084FF1F41
S3150000E370004006400000002094F84430E3B194F8D1
S3150000E380455094F8463094F84720A349486820F44D
S3150000E39000604860496821F47F61002D14BF4FF486
S3150000E3A0006000201B01DBB2120202F4E06213439C
S3150000E3B00B430343984A536094F84830DBB194F812
S3150000E3C04A3094F849209449096921F03F0194F8AC
S3150000E3D04C00014394F84B00002814BF0220002093
S3150000E3E09B0003F00C030B43120102F030021343AF
S3150000E3F00343894A136194F87030002B37D0864B5B
S3150000E400196C21F0010194F871200A431A641B6CFF
S3150000E41023F0020394F87220002A14BF022200227D
S3150000E42013437D4A1364136C23F0040394F873209A
S3150000E430002A14BF042200221343774A1364136C84
S3150000E44023F0080394F87420002A14BF082200223F
S3150000E4501343714A1364136C23F0100394F8752068
S3150000E460002A14BF1022002213436B4A136494F847
S3150000E4705030002B38D0694B626D1A60A26D5A601D
S3150000E480E26D9A6004F160050121634855F8043B8A
S3150000E490C2684E1EF6B2012E12D04EB1022E16D012
S3150000E4A0032E1BD0C26003291ED80131C9B2EDE785
S3150000E4B022F040721B0603F040731343C360F4E777
S3150000E4C022F040629B0603F040631343F6E722F016
S3150000E4D040521B0703F040531343EFE722F040423C
S3150000E4E042EA83734C4AD36094F87630EBB14A4AD9
S3150000E4F0936E00209066516821F4805194F878302C
S3150000E5001B0303F480530B435360906694F87730F3
S3150000E5105BB194F879305B0003F00E0394F87A202F
S3150000E52042F0805213433C4A936604F17C0314F193
S3150000E5307C0F01D100BEFEE7002B38D0D4F8803026
S3150000E540002B34D0E36F93B300223548354D02EBF0
S3150000E5508201D4F880305B5C30F813309B0003F105
S3150000E560804303F5CA231E6826F080461E60D4F851
S3150000E57080305F185E5CBB781B0603F0E063F978B9
S3150000E580C90001F008010B43397901F007010B437B
S3150000E5907978002914BF4FF0804100210B4330F8F1
S3150000E5A0161045F821300132E36F9A42CFD314F1A9
S3150000E5B0840F01D100BEFEE794F8843003B31A49F4
S3150000E5C08B7803F07F0394F8852082F0010243EAFA
S3150000E5D0C213DBB28B7094F98630002BBCBF20339C
S3150000E5E05BB2DAB2202A01D900BEFEE70E490A79EB
S3150000E5F003F01F0302F0E00213430B71002589E6C6
S3150000E600002587E6637F002B7FF41CAEE378002BA2
S3150000E6107FF42AAE012536E600800440040000207F
S3150000E620D0EC01000050064000D0074070B504460B
S3150000E6300D46112808D9232840F288804D2840F23B
S3150000E64089800423184670BD082850D00FD90D289C
S3150000E65061D022D80A2852D04DD30B2855D00C2889
S3150000E66071D100210520FFF793FA002326E0032845
S3150000E6702DD00AD9052832D02DD3062833D0072825
S3150000E68061D1FFF73BF8002318E001281AD011D911
S3150000E6900220FFF719FA002310E00F2847D040D3D5
S3150000E6A010284AD011284ED101210720FFF770FA11
S3150000E6B0002303E00020FFF707FA0023002DC1D056
S3150000E6C02860BFE70120FFF7FFF90023F6E7FFF711
S3150000E6D015FB0023F2E7FEF72FFF0023EEE7FEF718
S3150000E6E0A3FF0023EAE7FEF783FE0023E6E74D4B90
S3150000E6F018680023E2E7FFF727FA0023DEE7002188
S3150000E7000420FFF745FA0023D8E701210420FFF78C
S3150000E7103FFA0023D2E701210520FFF739FA00234B
S3150000E720CCE700210620FFF733FA0023C6E70121D4
S3150000E7300620FFF72DFA0023C0E700210720FFF788
S3150000E74027FA0023BAE700200423B7E7FFF72CFBDC
S3150000E750034677E7242806D804230022002D3FF439
S3150000E76071AF2A606EE7A0F13303DBB21A2B07D82C
S3150000E7702D4A22FA03F313F0010F18BF0423ECD13C
S3150000E7802A4B33F814202A4B53F8223013F0804FCB
S3150000E79044D0284B1E5D16F0200F07D116F0400F0F
S3150000E7A00ED116F0800F15D100BEFEE70120FFF74F
S3150000E7B08BF9024650B116F0180F12D10023CDE79F
S3150000E7C00020FFF781F902460028F4D100224FF419
S3150000E7D08073C3E70220FFF777F902460028F5D0D9
S3150000E7E0E9E716F0080F06D116F0100F0BD100223C
S3150000E7F04FF48073B2E700212046FFF7A9FB0246DB
S3150000E80016F0100F04D001212046FFF7A1FB0246A7
S3150000E810002A14BF00234FF480739FE74FF48073E0
S3150000E8209BE700BF0000002041210004D0EC01005E
S3150000E830005006406CEE010008B900BEFEE710B4B9
S3150000E84004460AB900BEFEE704480460017182600E
S3150000E8500373437300205DF8044B704710000020DB
S3150000E8603B4B1B79834201D800BEFEE7F0B583B06F
S3150000E8700E4605468DF804008DF8051000F0D6F812
S3150000E880334B1C7B5C7301238DF80630002C4AD079
S3150000E89000242F4F04E00134E4B23B7BA34242D96B
S3150000E8A0BB6853F82430002BF5D01A79022AF2D02F
S3150000E8B01A68996801A890470028ECD07C73002E4E
S3150000E8C0E9D140F2031500238DF80630A400204E4E
S3150000E8D024E00134E4B23B7BA34212D9BB6853F86F
S3150000E8E02430002BF5D01A79012AF2D01A689968DB
S3150000E8F001A890470028ECD07C73002EE9D14FF494
S3150000E900827500F085F8284603B0F0BD1A6899684C
S3150000E91001A89047043C14F1040FF2D0B3681B59C8
S3150000E920002BF3D1F6E70A4F3B6853F82500FFF7B3
S3150000E93075FB7D7105460028C5D102238DF806308A
S3150000E940034B1B7B002BDCD00024014FC6E700BF26
S3150000E9501000002008B5FFF769FE08BD10F10E0F84
S3150000E96001DA00BEFEE77A2801DD00BEFEE710B43C
S3150000E9700E4B0F4C9C4203D10E4B0F4C9C420DD1BB
S3150000E9802AB100F110030A4C54F8233013601030FA
S3150000E990074B43F820105DF8044B70471030044BCA
S3150000E9A053F820309942F6D000BEFEE700C00000C2
S3150000E9B00080FF1F0C5B0200444B0200002801DAB6
S3150000E9C000BEFEE77A2801DD00BEFEE7420900F040
S3150000E9D01F00012303FA00F0014B43F822007047A1
S3150000E9E000E100E0002801DA00BEFEE77A2801DD3A
S3150000E9F000BEFEE7430900F01F00012202FA00F004
S3150000EA002033024A42F82300704700BF00E100E0CD
S3150000EA10054B1B68002B04DD013B034A1360002BEA
S3150000EA2000DD704762B6FCE72400002072B6024A99
S3150000EA3013680133136070472400002060B170B57D
S3150000EA4006460C460025204600F042F801351834EB
S3150000EA50AE42F8D1002070BD00207047416070477B
S3150000EA6081607047184B98421ED10D2913D004D8E7
S3150000EA7059B101290CD0FF2070470F2911D00DD3B1
S3150000EA801029F8D102F00D00704742F001007047DE
S3150000EA9042F00200704742F00400704742F008005E
S3150000EAA0704702F00E007047084B98420AD119B120
S3150000EAB0012904D0FF20704702F00B00704702F0D6
S3150000EAC007007047FF20704700A0044000B00440D4
S3150000EAD038B504460068031C18BF01230BB900BEF5
S3150000EAE0FEE71A46E37A012B02D032B900BEFEE7F2
S3150000EAF02269003218BF0122F7E761681F2901D990
S3150000EB0000BEFEE750F82120257A012D58D01DB110
S3150000EB10022D5AD000BEFEE722F00202657A2D01D0
S3150000EB2005F0100522F050022A43A57AAD0105F042
S3150000EB3040052A4322F4E065082B12D1314B5A686E
S3150000EB4002F00F02FFF78EFFFF2841D02D4A5368CF
S3150000EB5023F00F035360516800F00F030B4353601B
S3150000EB6000231B0203F4E0632B43227BD20392B201
S3150000EB7023F478231343627B120402F470221343B6
S3150000EB80A27B0AB143F080732268616842F82130A3
S3150000EB902168D1F8C03060680122824023EA02026F
S3150000EBA0E37B83401343C1F8C030E37A012B18D1CD
S3150000EBB021694B69227D6AB1012A13D000BEFEE7A6
S3150000EBC022F0010242F00202A8E742F00302A5E7A2
S3150000EBD00023C6E7616801228A4023EA020322690C
S3150000EBE0536138BD606801228240134305460A68B6
S3150000EBF00120A84022EA0000627DAA4002430A6082
S3150000EC00EDE700BF0080044000F00F0001230BB9C0
S3150000EC1000BEFEE7034A10770BB900BEFEE7014BC4
S3150000EC20D8777047008000400F2801D900BEFEE764
S3150000EC300A4B1B680BB900BEFEE710B453F8204020
S3150000EC400CB900BEFEE753F82040616053F820304F
S3150000EC509A6000205DF8044B704700BF2800002032
S3150000EC6010B5064B1B6853F82040FFF7CDFF24B1C3
S3150000EC70636813B1217BA068984710BD2800002067
S3150000EC8070B5054600F00F06002231460A4800F02E
S3150000EC908FFA0A4B1B6853F825405CB12846FFF7EC
S3150000ECA0B3FF054B9E7701232373636813B1217B62
S3150000ECB0A068984770BD00BF008000402800002073
S3150000ECC02DE9F04F85B09DF838800F2801D900BE98
S3150000ECD0FEE78C46754C24680CB900BEFEE754F876
S3150000ECE02040003418BF012425460CB900BEFEE7BB
S3150000ECF0B8F1020F04D9A8F10404022C28BF00259C
S3150000ED000DB900BEFEE700F00F05012404FA08F471
S3150000ED10E6B2B2FBF6F706FB17270FB100BEFEE719
S3150000ED20B3FBF6F706FB17370FB100BEFEE70F9FE2
S3150000ED30B7FBF6F70F9906FB1716002E14BF4FF018
S3150000ED40010B4FF0000B40F0AC8003930292674634
S3150000ED508246574E2946304600F02FFA336843F074
S3150000ED608003336001260EB900BEFEE76B0103F196
S3150000ED70804303F5004903F51043029A1A600EB961
S3150000ED8000BEFEE74A4800EB451241F21003039924
S3150000ED90D150CDF80480CDF8008000231A462946CC
S3150000EDA000F030FA012F29D097B1022F3CD0032F63
S3150000EDB04FD03F4C0F9A2946204600F03FFA0122D9
S3150000EDC02946204600F06CFA002E57D100BEFEE719
S3150000EDD00EB900BEFEE7002241F2040329F8032023
S3150000EDE062B20EB900BEFEE792B26B0103F1804338
S3150000EDF003F5004341F214015A52DAE763B20EB941
S3150000EE0000BEFEE79BB241F2040229F802300EB9B9
S3150000EE1000BEFEE76B0103F1804303F500430021CA
S3150000EE2041F214029952C4E763B20EB900BEFEE77E
S3150000EE309BB241F2040229F802300EB900BEFEE789
S3150000EE406A0102F1804202F5004241F21401535276
S3150000EE50AFE70EB900BEFEE7002241F2040329F82F
S3150000EE6003200EB900BEFEE76B0103F1804303F5F4
S3150000EE700043002141F2140299529AE76B0103F113
S3150000EE80804303F5004341F21C015A5A12B242F084
S3150000EE90020292B25A52054B1B6853F82A300022DE
S3150000EEA01A73584605B0BDE8F08F00BF2800002051
S3150000EEB000800040F0B583B09DF820600F2801D98E
S3150000EEC000BEFEE7204C24680CB900BEFEE700F049
S3150000EED00F040125B540EDB2B2FBF5F705FB172788
S3150000EEE00FB100BEFEE7B3FBF5F705FB17350DB115
S3150000EEF000BEFEE7099D01950096FFF7E1FE054677
S3150000EF00F8B90A9A2146114800F0CAF9630103F1DB
S3150000EF10804303F5004341F21C029B5A23F0080389
S3150000EF201B041B0C9DF82C20002A14BF082200226B
S3150000EF301A43630103F1804303F5004341F21C01C8
S3150000EF405A52284603B0F0BD280000200080004039
S3150000EF500F2801D900BEFEE708B5094B1B680BB99F
S3150000EF6000BEFEE753F820300BB900BEFEE70122D3
S3150000EF7000F00F01034800F01BF9002008BD00BF98
S3150000EF8028000020008000400F2801D900BEFEE7BF
S3150000EF9008B5094B1B680BB900BEFEE753F82030D5
S3150000EFA00BB900BEFEE7002200F00F01034800F097
S3150000EFB0FFF8002008BD00BF2800002000800040A8
S3150000EFC00F288CBF002301230BB900BEFEE730B427
S3150000EFD0184C24680CB900BEFEE70BB900BEFEE76C
S3150000EFE0154D2C5C04F07F042C540BB900BEFEE7D3
S3150000EFF0114D2C5C01F03F0104F0C004214329545B
S3150000F0000BB900BEFEE70C49095C01F0BF01002AFE
S3150000F01014BF402200220A4307490A540BB900BE16
S3150000F020FEE7054A135C43F080031354002030BC0E
S3150000F030704700BF28000020001002400F2801D9A9
S3150000F04000BEFEE7084B1B680BB900BEFEE753F88F
S3150000F05020300BB900BEFEE700F00F0380335B01E2
S3150000F060024AD150704700BF2800002000800040AF
S3150000F0700F2801D900BEFEE70A4B1B680BB900BE7C
S3150000F080FEE753F820300BB900BEFEE700F00F0391
S3150000F0905B0103F1804303F5004341F20C029950F2
S3150000F0A0704700BF280000200F2801D900BEFEE7E8
S3150000F0B00A4B1B680BB900BEFEE753F820300BB9AC
S3150000F0C000BEFEE700F00F035B0103F1804303F58A
S3150000F0D0004341F210029950704700BF28000020FB
S3150000F0E00F2801D900BEFEE708B5084B1B680BB90F
S3150000F0F000BEFEE753F820300BB900BEFEE70A4615
S3150000F10000F00F01024800F0CBF808BD28000020EF
S3150000F110008000400F2801D900BEFEE708B5084B65
S3150000F1201B680BB900BEFEE753F820300BB900BED2
S3150000F130FEE700F00F01034800F0E6F808BD00BF47
S3150000F14028000020008000400F2801D900BEFEE7FD
S3150000F150124B1B680BB900BEFEE753F820300BB903
S3150000F16000BEFEE700F00F00430103F1804303F504
S3150000F170004341F21C029B5A23F008031B041B0C9C
S3150000F180002914BF082200221A43400100F18043DF
S3150000F19003F5004341F21C015A5270472800002033
S3150000F1A008B100BEFEE70148704700BF008000407E
S3150000F1B00AB981767047C176704700EB411100238A
S3150000F1C041F208028B5001F58052136041F20402AD
S3150000F1D08B5241F206028B5241F20C028B5041F2E5
S3150000F1E010028B5041F214028B5241F216028B52DE
S3150000F1F041F218028B5041F21C028B5241F21E0260
S3150000F2008B5270470F2901D900BEFEE710B4DB0010
S3150000F210DCB29DF8083003F00703234343EAC22318
S3150000F2209DF80420120202F4E06213439BB280317F
S3150000F23000EB4111CB805DF8044B70470F2901D9D3
S3150000F24000BEFEE7036813F0800F15D010B400EB84
S3150000F250411341F208041B59002B13DB00EB411349
S3150000F2601B5913F0804F0DD122F0404200EB4111A3
S3150000F2700A515DF8044B704700EB411141F2080357
S3150000F280CA50704700EB411141F20804085920F4B6
S3150000F2907F7020F00300C2F3090303430B51E8E734
S3150000F2A00F2901D900BEFEE710B4034600EB41105A
S3150000F2B041F21E04005B10F4004F14D103EB41131E
S3150000F2C041F21E00195AC2F30E0201F40041114325
S3150000F2D0195241F21600195A01F400410A431A5212
S3150000F2E05DF8044B704703EB4113195BC2F3080248
S3150000F2F001F47E411143195341F21600195A01F4E3
S3150000F3007E410A431A52EBE70F2901D900BEFEE7F8
S3150000F31000EB411341F21E029B5A13F4004F00EB1F
S3150000F320411041F21603C05A14BFC0F30800C0F3DF
S3150000F3300E00704708B50020FFF792FC08BD08B51F
S3150000F3400120FFF78DFC08BD08B50220FFF788FCF9
S3150000F35008BD08B50320FFF783FC08BD08B50420E7
S3150000F360FFF77EFC08BD08B50520FFF779FC08BD50
S3150000F37008B50620FFF774FC08BD08B50720FFF79F
S3150000F3806FFC08BD08B50820FFF76AFC08BD08B584
S3150000F3900920FFF765FC08BD08B50A20FFF760FCE9
S3150000F3A008BD08B50B20FFF75BFC08BD08B50C20AF
S3150000F3B0FFF756FC08BD08B50D20FFF751FC08BD48
S3150000F3C008B50E20FFF74CFC08BD08B50F20FFF767
S3150000F3D047FC08BD38B50020FFF7E2FEC56A0024E9
S3150000F3E004E06D080134E4B2102C06D015F0010FCC
S3150000F3F0F7D02046FFF744FCF3E738BD022801D9D1
S3150000F40000BEFEE770B50646294B53F8204094F837
S3150000F4101131D3B16379DBB2032B28D0256894F878
S3150000F4201001FFF7B1FD2B6813F4001F02D16A68C3
S3150000F430920C6A60C3F3034385F84830AB681BBA85
S3150000F440AB60EB681BBAEB6011E01A4B53F8205027
S3150000F45000220521284600F0FAF900220621284656
S3150000F46000F0F5F900220721284600F0F0F9002304
S3150000F47023606379DBB2032B08D000236371D4F8D1
S3150000F48000511DB194F81131012B04D0A3790BB1B1
S3150000F490637933B170BD2346002208213046A84760
S3150000F4A0F4E7201D03F054FD0028F3D000BEFEE76C
S3150000F4B02C000020BCEE0100022801D900BEFEE7A8
S3150000F4C070B50C46094B53F820600022084B53F8E0
S3150000F4D0200000F0BCF9E4003519AB791BB1043407
S3150000F4E0301903F035FD00236B7170BD2C00002030
S3150000F4F0BCEE0100022801D900BEFEE710B5074B9D
S3150000F50053F82040064B53F82020D2F808310BB1AF
S3150000F5100A219847204600F0B9F910BDBCEE01005B
S3150000F5202C000020022801D900BEFEE72DE9F04399
S3150000F53095B08C4B53F820508B4B53F82060AB6A38
S3150000F5402A6B134003F00103002463B90134202C15
S3150000F55000F0B280AB6A2A6B134004F01F02D3405E
S3150000F56003F00103F1E7002B00F0A68007462B68A5
S3150000F57013F0005F79D0072C77D8052C21D1737949
S3150000F580DBB2012B2AD13168284600F089F9202305
S3150000F5902B6300237371D6F80081B8F1000F04D0F5
S3150000F5A03346002201213846C047737913B93846DD
S3150000F5B0FFF724FF06EBC4035B79DBB2022B65D1B0
S3150000F5C012E0062C43D140232B63D6F80081B8F114
S3150000F5D0000F03D0334600220221C04706EBC403C6
S3150000F5E05B79DBB2022B51D106EBC40898F80730E1
S3150000F5F0002B00F0A3802146284600F0A5F901AAB9
S3150000F6002146284600F0A5F9AB689DF8073003F0BF
S3150000F6100F03042B06D104F01F02012393401F2C75
S3150000F62000D82B63002388F80530D6F80091B9F18D
S3150000F630000F04D03346224604213846C84798F8BE
S3150000F64005300BBB21463846FFF736FF1CE0072C7A
S3150000F65014D180232B63D6F80081B8F1000FBDD0FA
S3150000F660334600220321C047B8E74FEAC40906EB38
S3150000F670090898F80530DBB2012B20D006EBC4034D
S3150000F6805B79DBB2022BAFD01F2C15D8AB6A296B86
S3150000F69004F01F020B40D34013F0010F0CD02B686F
S3150000F6A013F0005F52D0072C50D8737923B9012389
S3150000F6B093401F2C00D82B6315B0BDE8F08321467C
S3150000F6C0284600F041F956F834202146284600F035
S3150000F6D040F904F01F02012393401F2C98BF2B63AF
S3150000F6E02B6813F0005F27D056F80930DB7813F04B
S3150000F6F00F0F21D12146284600F00EF9036823F0AA
S3150000F70070630360036843F080630360002388F836
S3150000F7100530D6F80091B9F1000F04D033462246E1
S3150000F72000213846C84798F80530002BA6D1214657
S3150000F7303846FFF7C1FEA1E7AB68E7E704F01F0212
S3150000F740012393401F2C98BF2B636BE706EBC4067F
S3150000F7507379002BB0D1012393401F2CACD82B63B7
S3150000F760AAE700BFBCEE01002C000020022801D948
S3150000F77000BEFEE710B5074B53F82040064B53F882
S3150000F7802020D2F808310BB10A219847204600F014
S3150000F79071F810BDBCEE01002C000020022801D932
S3150000F7A000BEFEE7F8B5184B53F82050174B53F838
S3150000F7B020602B6813F4804F25D00446D5F8083B0B
S3150000F7C013F4003F0CD0D5F8083B43F40033C5F8DA
S3150000F7D0083BD6F800711FB1334600220521B84711
S3150000F7E0D5F8083B13F4803F0DD0D5F8083B43F419
S3150000F7F08033C5F8083BD6F8005125B133460022C0
S3150000F80006212046A847F8BDBCEE01002C000020CA
S3150000F81008281BD90C2812D006D80A280BD00CD8D9
S3150000F820092812D10C2070470E280CD009D30F28B6
S3150000F8300BD14020704710207047142070471820C5
S3150000F84070472020704730207047002070471F29DE
S3150000F85009D801F01F01012303FA01F12AB9836ACD
S3150000F86023EA0101816200207047836A194381629D
S3150000F870F9E70000026A034B134013B1024B03621F
S3150000F880036A704706003B0002003000026A034B21
S3150000F890134013B1014B0362036A704704000B0067
S3150000F8A009B900BEFEE770B50D460446D0F88000E3
S3150000F8B0C0F30340FFF7ACFF85F84800D4F880306A
S3150000F8C02B6013F4001F05D0D4F884306B60064615
S3150000F8D028B970BDD4F884309B0C6B60F7E7002321
S3150000F8E0883499088A0054F8211009BA2A4491608C
S3150000F8F00433B342F5D370BD036813F4006F09D027
S3150000F900D0F8000CC0F301400330012303FA00F0E5
S3150000F910C0B270470820FBE738B504460D46FFF72E
S3150000F920EBFF0830C0B24FF40073B3FBF0F3DBB269
S3150000F930B5FBF3F203FB12538008D20100FB032050
S3150000F940203004EB800038BD08B5FFF7E5FF0368FB
S3150000F95008BD0AB900BEFEE72DE9F0411446074688
S3150000F960FFF7DAFF064604F108080068C0F3034013
S3150000F970FFF74EFF05463846FFF7BEFF854203D91F
S3150000F9803846FFF7B9FF054684F8485033682360C8
S3150000F99013F4001F22D07368636035F0030008BFBC
S3150000F9A000230BD0002399088A000832B25812BAF5
S3150000F9B048F821200433DBB28342F4D39D420BD9AD
S3150000F9C0DA1D144483F003020832B25C04F8012FF6
S3150000F9D00133DBB29D42F5D1BDE8F08173689B0C23
S3150000F9E06360DAE708B50020FFF784FD08BD08B5B7
S3150000F9F00020FFF7BBFE08BD08B50020FFF7CEFECE
S3150000FA0008BD08B50020FFF78DFD08BD08B500202C
S3150000FA10FFF788FD08BD08B50120FFF76BFD08BD9F
S3150000FA2008B50120FFF7A2FE08BD08B50120FFF7C3
S3150000FA3079FD08BD08B50220FFF75CFD08BD08B5D5
S3150000FA400220FFF793FE08BD08B50220FFF76AFD06
S3150000FA5008BD0000032801D900BEFEE709B900BEB3
S3150000FA60FEE76D4B53F820304A78002A40F090802C
S3150000FA708A78002A40F0A180CA7802F0010208784C
S3150000FA80002800F0C580002A40F09380D3F88C202F
S3150000FA9042F48062C3F88C20D3F88C2042F40062D2
S3150000FAA0C3F88C20D3F88C2042F48052C3F88C2003
S3150000FAB0D3F88C2042F40072C3F88C20D3F88C0063
S3150000FAC0CA7A120202F4807220F480700243C3F8EC
S3150000FAD08C20D3F88C2042F08002C3F88C204A7820
S3150000FAE0002A57D09A6D42F010029A658A78002A49
S3150000FAF055D09A6D42F020029A65CA78002A53D0F2
S3150000FB009A6D42F040029A65986D0A79520002F0A9
S3150000FB10020220F0020002439A659A6D22F0010269
S3150000FB20487902439A659A6D087A003018BF012019
S3150000FB3022F0080242EAC0029A65D3F88C008A795C
S3150000FB40120102F0100220F010000243C3F88C20CC
S3150000FB50D3F88C00CA79520102F0200220F020006E
S3150000FB600243C3F88C20D3F88C004A7A920002F044
S3150000FB70040220F004000243C3F88C20D3F88C2042
S3150000FB8022F00102897A0A43C3F88C2000207047CC
S3150000FB90012272E79A6D22F010029A65A6E79A6D25
S3150000FBA022F020029A65A8E79A6D22F040029A6533
S3150000FBB0AAE701207047012070470A78002AFAD187
S3150000FBC0002A7FF463AFD3F88C2042F48022C3F876
S3150000FBD08C20D3F88C2042F40022C3F88C20D3F872
S3150000FBE08C2042F48012C3F88C20D3F88C2042F487
S3150000FBF00032C3F88C20D3F88C20C87A003018BFA6
S3150000FC00012022F4803242EA0042C3F88C2060E7E9
S3150000FC10002AD8D101207047C8EE0100032801D977
S3150000FC2000BEFEE730B4244B53F82030C8B211F4BE
S3150000FC30007F04D01A6822F400721A601A6811F460
S3150000FC40807F10D05A6F22F081025A675A6F22F0D5
S3150000FC5082025A675A6F22F084025A675A6F22F05C
S3150000FC6088025A675A6F11F4806F04D01A6822F01E
S3150000FC7080021A601A6811F4006F03D0DA6E22F05F
S3150000FC808002DA660022012405E000BEFEE7400895
S3150000FC900132082A0DD010F0010FF8D0D1B2072991
S3150000FCA0F3D8196D04FA02F521EA05011965196DF3
S3150000FCB0EDE730BC704700BFC8EE0100032801D94C
S3150000FCC000BEFEE710B582B0184B53F82030002274
S3150000FCD00192174A52F820200AB900BEFEE71B68B7
S3150000FCE003F0070301249C401378022B10D0032B4A
S3150000FCF006D0012B11D101A90020FEF72BFE04E04E
S3150000FD0001A90C4B185CFEF725FE40B100BEFEE7CC
S3150000FD1001A91A20FEF71EFEF7E70020F5E7E4B278
S3150000FD200198B0FBF4F002B010BD00BFC8EE0100B0
S3150000FD3038000020D8EE0100032801D900BEFEE7F6
S3150000FD4009B900BEFEE70AB900BEFEE7F8B58C7B2E
S3150000FD50631EDBB2022B01D900BEFEE7354B53F81A
S3150000FD602050354B53F82030002B35D1147053708A
S3150000FD709380314B43F8202002F10C0402F11C075A
S3150000FD8002F15C0E02F13C0C3E46002324F8023BD5
S3150000FD9046F8043B4CF8043B0EF8013BBC42F5D157
S3150000FDA014460F460646284600F080F8797B28461A
S3150000FDB000F070F83046FFF781FFA06070B900BE12
S3150000FDC0FEE7002416E02B6823F480732B601B4BA0
S3150000FDD09857FEF707FE2BE0012429E03A7B931E95
S3150000FDE0DBB2022B01D9082AEBD139463046FFF7A0
S3150000FDF031FE0446EA6E7B7C9B0103F0400322F051
S3150000FE0040021343EB66D5F88420FB7B9B01DBB2F3
S3150000FE1022F0C0021343C5F884303B7C002BD2D0BD
S3150000FE202B6843F480732B60044B9857FEF7C6FD8E
S3150000FE302046F8BDC8EE010038000020FCEE0100A7
S3150000FE40032801D900BEFEE709B900BEFEE7044B50
S3150000FE5053F820309868B0FBF1F080B2704700BFCD
S3150000FE60380000200B46032801D900BEFEE7084AE9
S3150000FE7052F820104A68120C12044A608A6DDB019F
S3150000FE80DBB222F0800213438B650020704700BF6F
S3150000FE90C8EE0100436D43F001034365036823F098
S3150000FEA0070301F007010B430360704710B4436F6B
S3150000FEB0002343670422426502680360436083604F
S3150000FEC0C364026D03658365C36503664366836623
S3150000FED0C26EC36603678367C367C0F88030C0F825
S3150000FEE08430C0F88830C0F88C30C0F89030C0F844
S3150000FEF09430C0F89830C0F89C30194600EBC30225
S3150000FF00D468D16011610133082BF7D15DF8044B39
S3150000FF107047072901D900BEFEE701290DD9052939
S3150000FF2099BF0239012306394FF480738B403AB9E1
S3150000FF30C26E22EA0303C366704710238B40F6E7BE
S3150000FF40C26E1343C3667047032901D900BEFEE79C
S3150000FF5001290DD021B1022912D0032919D07047E9
S3150000FF60836F23F00F0302F00F021A438267704774
S3150000FF70816F1301DBB221F0F002134383677047F0
S3150000FF80816F130203F4706321F470621343836775
S3150000FF907047816F13039BB221F47042134383674A
S3150000FFA070470000F8B5474B53F820406378012BA3
S3150000FFB002D0082B00D0F8BD032801D900BEFEE709
S3150000FFC003298CBF002201220AB900BEFEE73E4B80
S3150000FFD053F820004B00DBB20AB900BEFEE7456EBF
S3150000FFE0C900042202FA01F1294248D0072B8CBF2E
S3150000FFF04FF0000C4FF0010CBCF1000F01D100BE18
S31500010000FEE700EBC30632691FFA82FE591CC9B22C
S3150001001007298CBF002701270FB900BEFEE700EBB9
S31500010020C1010A6992B2964504EB4305A2EB0E02A1
S3150001003024BFB4F802E07244AA81BCF1000F01D1D9
S3150001004000BEFEE7F26822F08002F260F2680FB9A4
S3150001005000BEFEE7CA6822F08002CA60CA688268EA
S31500010060628004EB8301CA6B002AA4D0234493F86F
S315000100705C30002B9FD0C969002090479BE7072B76
S3150001008001D900BEFEE75A1C00EBC202526812F00B
S31500010090800F04BF0133DBB2072B8CBF0021012186
S315000100A009B900BEFEE700EBC302166904EB43057E
S315000100B0AE8109B900BEFEE7D16821F08001D160A9
S315000100C0D268CCE738000020C8EE0100032801D928
S315000100D000BEFEE709B900BEFEE74B880BB900BEBC
S315000100E0FEE72DE9F04F83B0A44B53F82050A44B03
S315000100F053F82070002F00F06A817B784BB1032BF7
S3150001010027D0082B25D04FF00108404603B0BDE8A3
S31500010110F08F2B6823F018032B60EB6C1B0C1B0470
S31500010120EB64AB681B0C1B044A881343AB602B685A
S3150001013023F020032B60AB687B800B78002B00F04B
S3150001014094810E4601904FF000098E4B03EBC00BD4
S3150001015051E008237B70EEE7002221462846FFF78F
S31500010160F3FE736853445A78002A6ED1B8F1030F2F
S3150001017063D86B6E4FEAC808042202FA08F223EA32
S3150001018002036B66072C8CBF00210121002956D082
S3150001019005EBC403DA6822F01002DA60DA6822F0AD
S315000101A02002DA60726852449278002949D0D3F865
S315000101B00CC0900000F004002CF0040C40EA0C0086
S315000101C0D860D868920002F0080220F008000243C5
S315000101D0DA60002937D0DA6842F04002DA601BF9AA
S315000101E00400FEF7EBFB09F101095FFA89F933789F
S315000101F04B4540F23A814FEA091A736803EB0A024A
S3150001020013F80A404FEA5408936807EB8402D36156
S3150001021073685344DB68D3633B19012283F85C207E
S31500010220032C9ED8736853449A79002A94D01A797C
S3150001023021462846FFF788FE93E700BEFEE700BE8B
S31500010240FEE700BEFEE700BEFEE7012ACBD1D97864
S31500010250D87914F0010F01D000BEFEE7474B019A91
S3150001026053F82230B8F1030F8CBF4FF0000C4FF05A
S31500010270010CBCF1000F01D100BEFEE75A6E4FEA38
S31500010280C8084FF0040E0EFA08FE4EEA02025A663C
S31500010290BCF1000F01D100BEFEE7D3F864C008220D
S315000102A002FA08F242EA0C025A66B0B1072C01D9E9
S315000102B000BEFEE703EBC402D06840F01000D06038
S315000102C0D06840F02000D060032900F09380012916
S315000102D031D1072C7ED900BEFEE7072C01D900BE1D
S315000102E0FEE703EBC402D06820F01000D060D068AE
S315000102F040F02000D060E7E703EBC202D16821F0AD
S315000103000401D160D16841F00801D1604FF00008C5
S31500010310621CD2B2072A37D900BEFEE703EBC2023E
S31500010320D16841F00401D160D16821F00801D160A2
S315000103304FF00008ECE7042900F0848002297DD003
S315000103404FF00108E4E703EBC202D16841F0040172
S31500010350D160D16821F00801D1604FF00008D7E7DC
S3150001036003EBC202D16821F00401D160D16841F0EA
S315000103700801D1604FF00008CAE700BFC8EE0100CE
S3150001038038000020DCEE010003EBC203DA6842F01C
S315000103904002DA601BF90400FEF710FBB8F1000F0A
S315000103A03FF421AF7B78082B7FF4AFAE03237B703C
S315000103B0ABE601237B702A683B78DB0003F0180368
S315000103C022F0180213432B604FF000089DE64FF010
S315000103D001089AE603EBC402D16841F00401D16039
S315000103E0D16821F00801D160621CD2B2072A95D9E1
S315000103F000BEFEE7072C3FF66EAF03EBC402D168E1
S3150001040041F00401D160D16821F00801D160621C7C
S31500010410D2B2072A7FF670AF00BEFEE703EBC40235
S31500010420D16821F00401D160D16841F00801D160A1
S31500010430621CD2B2072A93D900BEFEE7072CEDD97A
S3150001044000BEFEE7072CFBD803EBC402D16821F0FE
S315000104500401D160D16841F00801D160621CD2B2B9
S31500010460072A7FF670AF00BEFEE77B78002BA0D08F
S315000104704FF0000849E600BF032801D900BEFEE798
S31500010480072901D900BEFEE7044B53F820301BB102
S3150001049003EB41039889704700207047380000201C
S315000104A008B500210846FFF77DFD08BD08B5012105
S315000104B00020FFF777FD08BD08B502210020FFF7F0
S315000104C071FD08BD08B503210020FFF76BFD08BDCE
S315000104D008B500210120FFF765FD08BD08B501211A
S315000104E00846FFF75FFD08BD08B502210120FFF7A9
S315000104F059FD08BD08B503210120FFF753FD08BDCD
S3150001050008B500210220FFF74DFD08BD08B5012100
S315000105100220FFF747FD08BD08B502210846FFF78F
S3150001052041FD08BD08B503210220FFF73BFD08BDCB
S3150001053008B500210320FFF735FD08BD08B50121E7
S315000105400320FFF72FFD08BD08B502210320FFF7A1
S3150001055029FD08BD08B503210846FFF723FD08BD9F
S315000105602DE9F047BDF820C0032801D900BEFEE7FA
S3150001057007298CBF4FF0000E4FF0010EBEF1000FA0
S3150001058001D100BEFEE74C08544D55F82060544D8C
S3150001059055F82070B568ADB27878042824D16D007D
S315000105A0ADB2002052BBB3F5004F00F28D80BCF511
S315000105B0004F00F28C8005FB03F2C2F3CF3205FB3C
S315000105C00CFCCCF3CF3CB3F5004F1ED1531C9BB2B0
S315000105D0C8B9032C8CBF4FF000094FF00109B9F1DE
S315000105E0000F14D100BEFEE7032801D0082803D16D
S315000105F00135ADB20020D5E70120D3E79D4269D38D
S315000106006545E5D20120BDE8F0871346E0E7D6F857
S3150001061064A04FEAC408012202FA08F212EA0A0F9C
S3150001062039D0B9F1000F01D100BEFEE7716E80220B
S3150001063002FA08F20A4213D0326812F0180F08D1F2
S315000106406200072A01D900BEFEE7013206EBC202AB
S31500010650936063000133DBB2072B0BD900BEFEE7C3
S315000106606200072A01D900BEFEE7013206EBC2028B
S315000106709360EEE7013306EBC303C3F808C0B26D1E
S315000106809DF82430DB01DBB222F080021343B3650F
S31500010690BD80BDE8F087326812F0200F0AD05B08F2
S315000106A0BEF1000F01D100BEFEE74A1C06EBC202F5
S315000106B09360E4E7BEF1000F01D100BEFEE74A1CDC
S315000106C006EBC2029360DAE70120BDE8F08701205C
S315000106D0BDE8F0870120BDE8F08700BFC8EE010044
S315000106E038000020032801D900BEFEE709B900BE83
S315000106F0FEE72DE9F04F85B0AB4B53F82080AB4BAD
S3150001070053F82040B8F1000F00F0FF8398F801304C
S31500010710002B40F0FC830D460290236823F018035A
S315000107202360236823F4007323602368636D43F019
S31500010730040363658B7888F801300B78002B00F091
S315000107405681CB681E7871085B79072E8CBF002015
S31500010750012008B900BEFEE70027BA464FF001099D
S315000107604FF0020BDFE0226F09FA06F3134323670A
S31500010770E2E008B900BEFEE704EBC603DA6842F020
S315000107800402DA60DA6822F00802DA60E8E000BE04
S31500010790FEE7A3B1626ECB004FF0100C0CFA03F327
S315000107A013436366731CDBB2072B8CBF4FF0000C3F
S315000107B04FF0010CBCF1000F0BD100BEFEE7636EDA
S315000107C0CA004FF0100C0CFA02F223EA0203636628
S315000107D0E8E704EBC302D2F80CE02EF0040EC2F8EF
S315000107E00CE0D2F80CE04EF0080EC2F80CE003293A
S315000107F001D900BEFEE7D4F864E0CA000BFA02F2A2
S3150001080042EA0E026266EA683A4492F807E0BEF1ED
S31500010810010F40F0B5805279BCF1000F01D100BE45
S31500010820FEE7002A40F0A680226F09FA03F322EAC6
S315000108300303236703298CBF00230123002B00F048
S31500010840C380626EC9004FF0040C0CFA01FC22EA67
S315000108500C026266002B00F0B980626E09FA01FC97
S3150001086022EA0C026266002B00F0B280626E4FF043
S31500010870800C0CFA01FC22EA0C026266002800F0E8
S31500010880A98004EBC602D06840F01000D060D068A1
S3150001089040F02000D0606A69D278002B00F09C807D
S315000108A0002A00F09B80606E40228A400243626605
S315000108B0002B00F09A80626E202303FA01F10A43AD
S315000108C06266EB683B441A7931462046FFF721FB05
S315000108D0226806F1100309FA03F313432360EB6858
S315000108E03B449B793BB12268731CDBB2103309FA96
S315000108F003F3134323600AF1010A5FFA8AFA2B789C
S31500010900534574D90AEB8A014B001F46EA68134422
S3150001091012F8116071085B79072E8CBF0020012047
S3150001092000283FF417AF002B7FF41DAF236F09FAA0
S3150001093006F223EA02032367EB683B445A795B78A4
S315000109409A423FF416AF00283FF421AF04EBC603E9
S31500010950DA6822F00402DA60DA6842F00802DA6044
S31500010960EB683B449A791AB31B7A07297FF611AFD4
S3150001097000BEFEE7226F09FA03F31343236759E723
S315000109805279BCF1000F01D100BEFEE732B1226FF0
S3150001099009FA03F322EA030323674BE7226F09FAF5
S315000109A003F31343236745E738000020C8EE01002F
S315000109B0032901D900BEFEE7636ECA000BFA02F2F3
S315000109C023EA0203636635E700BEFEE700BEFEE7E3
S315000109D000BEFEE700BEFEE700BEFEE7626E4020F7
S315000109E0884022EA0002626662E700BEFEE79D4B8E
S315000109F0029A53F822606B78002B00F07A812B69FA
S31500010A001A784FEA520C12F0010F11D15B7B072ABB
S31500010A108CBF0020012020BB00BEFEE7039B1F0107
S31500010A202B69D919DA5D4FEA520C12F0010F01D088
S31500010A3000BEFEE74B7B072A8CBF00200120002861
S31500010A40EAD09BB9336F09FA02F123EA010333674E
S31500010A502B693B44597B1B7A99421FD160B900BE71
S31500010A60FEE7002703974FF00109EAE7316F09FA1C
S31500010A7002F30B433367EBE706EBC203D96841F098
S31500010A800401D960D96821F00801D960BCF1030FCE
S31500010A908CBF0021012179B900BEFEE708B900BE6D
S31500010AA0FEE706EBC203D96821F00401D960D968D3
S31500010AB041F00801D960E9E7D6F864E04FEACC03D2
S31500010AC04FF0040A0AFA03FA2EEA0A0EC6F864E09F
S31500010AD008B900BEFEE706EBC200D0F80CE04EF006
S31500010AE0100EC0F80CE0D0F80CE04EF0200EC0F865
S31500010AF00CE0D6F800E002F1100009FA00F040EA35
S31500010B000E0030602869384490F809E0BEF1000F04
S31500010B1058D002F1010E5FFA8EFE807BBEF1070FFF
S31500010B208CBF4FF0000A4FF0010ABAF1000F01D154
S31500010B3000BEFEE750B9306F09FA0EFB20EA0B0042
S31500010B403067BAF1000F09D100BEFEE7D6F870B0E2
S31500010B5009FA0EF040EA0B003067F2E706EBCE0029
S31500010B60D0F80CA02AF0040AC0F80CA0D0F80CA00A
S31500010B704AF0080AC0F80CA02869384490F80EB06B
S31500010B8090F80DA0D3452ED190F80AA0BAF1000F26
S31500010B901ED18079012801D100BEFEE709B900BE48
S31500010BA0FEE7706E4FF0020A0AFA03FA20EA0A001B
S31500010BB07066D6F800A00EF1100009FA00F040EABE
S31500010BC00A0030606869C07800292DD100BEFEE7B1
S31500010BD009B900BEFEE7D6F864A00220984040EAB3
S31500010BE00A007066E5E790F80AA0BAF1000F0AD18B
S31500010BF009B900BEFEE7D6F864A00220984040EA93
S31500010C000A007066D5E78079012801D100BEFEE7AA
S31500010C1009B900BEFEE7706E4FF0020A0AFA03FA3E
S31500010C2020EA0A007066C4E748B1D6F864E04020BD
S31500010C30984040EA0E00706651B900BEFEE7706E3C
S31500010C404FF0400E0EFA03FE20EA0E007066F3E73F
S31500010C50D6F864E02020984040EA0E00706619B983
S31500010C6000BEFEE7C8EE0100D6F864E009FA03F01B
S31500010C7040EA0E00706628693844C07909B900BE99
S31500010C80FEE760B1706E8021994001437166296962
S31500010C9039448979BCF1070F08D900BEFEE7716EA8
S31500010CA08020984021EA00017166F0E7002953D0BF
S31500010CB0706E102101FA03F30343736602F0FE0A14
S31500010CC02B693B44DA7A51463046FFF722F92B6904
S31500010CD03B440AF101011A7BC9B23046FFF719F903
S31500010CE0039B0133DBB21A4603936B7893423FF6BB
S31500010CF095AE636D43F0020363656B69DA78002A8A
S31500010D007CD01B78002B2FD0E36F43F40043E367BD
S31500010D10E26F6B699B781B0203F4706322F47062C5
S31500010D201343E367029B042B34BF4FF0040C4FF0CF
S31500010D30020C04260020012703466A6900EB4001E4
S31500010D400A441279002A43D0C2B2032A8CBF002278
S31500010D50012272B900BEFEE7716E102000FA03F39C
S31500010D6021EA03037366A9E7E36F23F40043E3670C
S31500010D70CEE7E16F07FA00FE41EA0E01E167696914
S31500010D8000EB4009494449790AB900BEFEE771B151
S31500010D90D4F87C9007FA06F141EA0901E16769692D
S31500010DA003EB43030B449B7942B900BEFEE7E16FB7
S31500010DB007FA06F921EA0901E167F0E7012BD4F800
S31500010DC088300CBF23EA0E0343EA0E03C4F88830C9
S31500010DD001300136C3B29C45AED86B695B781BB155
S31500010DE0636D43F080036365626D6B69DB785B015C
S31500010DF003F0600322F06002134363652368AA7857
S31500010E00042A14BF0022012223F0200343EA4213DD
S31500010E102360A9680298FFF713F8A8F80400E36CA9
S31500010E201B0C1B04E364AB78042B3BD1A368B8F815
S31500010E3004201B0C1B0443EA5203A3602B78002BEE
S31500010E4067D00026374606EB8601EA6802EB4103C6
S31500010E505B8812F81110019700973A460298FFF73E
S31500010E607FFB0136F6B22B78B342ECD86B7893B19F
S31500010E70002637463101286942185388415C01979B
S31500010E80928800923A460298FFF76AFB0136F6B25B
S31500010E906B78B342EED8002833D1EA783F2A0BD9D2
S31500010EA000BEFEE7A268B8F80430013B9BB2120C03
S31500010EB012041343A360C1E7A36E23F03F0302F0BC
S31500010EC03F021343A366A26E2B799B01DBB222F08C
S31500010ED0C0021343A366636D43F001036365636D4B
S31500010EE043F008036365226898F80030DB0003F0DD
S31500010EF0180322F0180213432360002005B0BDE851
S31500010F00F08F002388F80130F8E70120F6E7012089
S31500010F10F4E76B78002BABD1BFE700BF032801D9FB
S31500010F2000BEFEE7072901D900BEFEE70A4B53F8CA
S31500010F30200042B102681031012303FA01F10A438C
S31500010F4002600020704703681031012202FA01F1A4
S31500010F5023EA01030360F4E7C8EE010009B900BE04
S31500010F60FEE770B40C4608B900BEFEE7C56D4668DB
S31500010F7006F00F060121B14089B205F00705A94225
S31500010F8004D903EB0223036670BC7047A17A0429D6
S31500010F9001D900BEFEE76254621853710131A17294
S31500010FA0F2E709B900BEFEE770B50C4608B900BE06
S31500010FB0FEE71646054691F82430EBB10B8CDB09AA
S31500010FC003F00603103B03F0FE030422FFF7C6FFFE
S31500010FD094F82030002221462846FFF7BFFF9EB134
S31500010FE0238CDB0903F006030F3BDBB20422214607
S31500010FF02846FFF7B3FF70BD91F8203002EB43039B
S31500011000DBB20422FFF7AAFF70BD0B46003118BF01
S31500011010012109B900BEFEE708B900BEFEE730B4FA
S31500011020C26D02F00702456805F00F050124AC40C8
S31500011030A4B209B900BEFEE79D7AD97A8D4203D1E1
S31500011040996909B1A24201D330BC70475A69127835
S3150001105002665A6901325A619A69013A9A61C26D08
S3150001106002F00702ECE70B4609B900BEFEE708B934
S3150001107000BEFEE7D0F8182122F4706222F00702C2
S31500011080C0F81821CA7E3AB98A689AB1D0F81C21EB
S3150001109022F00202C0F81C21D0F8102122F0010230
S315000110A0C0F8102100229A701A619A60DA605A60BB
S315000110B0DA757047D0F81C2122F00102C0F81C2114
S315000110C0EAE709B900BEFEE7F8B50D4608B900BE64
S315000110D0FEE71F4616460446836923F4E05323F0D0
S315000110E00303836191F827304BB991F82800FDF786
S315000110F04BFF2B69CBB1E36923F00203E3613FB1F7
S31500011100236943F480732361236943F400732361E4
S3150001111016B14FF40073236600236B61AB61EB607C
S315000111202B61012385F82230F8BDE36923F0010321
S31500011130E361E4E738B50D461F4B53F82040A36938
S315000111408BB1012928D00023A3611C4B9A6D22F093
S3150001115003029A65DA6922F00102DA619A6942F0BC
S3150001116001029A6138BD002394F8232021461348D1
S31500011170FFF7A7FF94F826304BB9012D17D00023AE
S31500011180A383E36AB3B1216B0420984738BD04F108
S31500011190250001F0DDFEF0E7002394F82320214627
S315000111A00648FFF78EFF94F82630002BEFD1012376
S315000111B0A383E6E738BD00BF480000200060064073
S315000111C008B900BEFEE738B504460D46C37E13B91D
S315000111D0007FFDF7D9FE637D4BB921462846FFF70F
S315000111E042FFA37E1BB104F1190001F0B1FE236A8F
S315000111F013B1616A0420984738BD000010B584B068
S315000112000C460B7CABB90022134B13F81010207857
S31500011210FDF7D6FE6178207800230393E2680292F7
S315000112200122019200936368A268FDF743FE04B0B0
S3150001123010BD00222C212078FDF7C2FE61782078AE
S3150001124000230393E2680292012201920093A368AC
S315000112506268FDF72FFEEAE700EF0100F0B587B0FF
S315000112600546344B53F8204094F828308DF8043065
S31500011270A769002F3ED030494A6802F00F02886DF7
S3150001128020F00300012606FA02F293B2BB4228BF00
S315000112903B46013B03F0030303438B658DF8056071
S315000112A0264B02936369039300268DF81460A369A4
S315000112B0049301A92846FFF7A1FF01219DF8040027
S315000112C0FDF742FF2A461E499DF80400FDF7ACFCD6
S315000112D09DF80400FDF73CFE324621461648FFF70D
S315000112E060FEA369C3B1144AD36943F00103D36114
S315000112F007B0F0BD104A936D23F440339365002384
S315000113008DF805300F4B0293E368039301268DF8A0
S31500011310146023690493CCE72369013B064DDBB2D4
S31500011320012221462846FFF719FEEB6943F0020325
S31500011330EB61DDE748000020006006406060064082
S31500011340351101007060064010B586B0214B53F887
S315000113502040636833B3237F8DF8043001238DF871
S3150001136005301D4B0293E368039300238DF8143077
S315000113706368049301A9FFF741FF616849429DF83B
S315000113800400FDF775FE9DF80400FDF7E1FD6368B5
S31500011390C3B1124AD2F81C3143F00103C2F81C3121
S315000113A006B010BD237F8DF8043000238DF805307B
S315000113B00B4B02932369039301238DF81430A36821
S315000113C00493D7E7054AD2F81C3143F00203C2F869
S315000113D01C31E5E74C0000206061064000600640D4
S315000113E07061064008B100BEFEE7F0B583B0044661
S315000113F04E4B53F820300BB900BEFEE793F822306E
S31500011400002B00F08A8016460D4601A94420FDF7FF
S31500011410A1FA08B100BEFEE7019B0BB900BEFEE7CB
S3150001142043490A6922F001020A61002E5BD05A1E65
S31500011430F101B2FBF1F20132012A52D9012108462A
S3150001144000FA01F7BA4202D901310729F8D18E40D3
S3150001145003EB5603B3FBF6F3802B28BF8023012B46
S3150001146045D9023B5A089B1A002A58D0032B38BF8C
S31500011470032350081646022A38BF0226002808BF51
S3150001148001202B4FD7F824C02CF0070C01F00701DF
S3150001149041EA0C017962B96C21F07C5C010601F02C
S315000114A07C5141EA0C01B964B86C20F47C1031041A
S315000114B001F47C110143B964B96C21F47C51120227
S315000114C002F47C520A43BA64BA6C22F03F0203F07A
S315000114D03F031343BB64154B53F8241061B900BE97
S315000114E0FEE70021B3E73F2307211A46BEE70323A0
S315000114F0022601221046C4E70D4B5A6A22F0E06229
S315000115005A625A6A22F400725A628D771A6942F057
S3150001151001021A61002003B0F0BD0220FBE7032B94
S3150001152038BF0323022601221046AAE748000020FD
S315000115300060064008B100BEFEE710B4054B53F843
S3150001154020300BB900BEFEE7198483F824205DF82C
S31500011550044B704748000020F0B583B0171C18BF34
S3150001156001270FB900BEFEE7144609B900BEFEE722
S3150001157008B100BEFEE72C4B53F820300BB100BE7C
S31500011580FEE70D46064601A94420FDF7E3F908B139
S3150001159000BEFEE7019B0BB900BEFEE7224B43F8F6
S315000115A026400021E16021616161A161A1830123DE
S315000115B084F822302B882384AB7884F824302B7A64
S315000115C084F827306B7A84F82830EB68E3622B695C
S315000115D0236384F826106B68A36384F8341004F13E
S315000115E0250001F0CBFC08B100BEFEE70FB900BE35
S315000115F0FEE70027E772A7721820FDF7DFF90B4C0B
S31500011600204600F0ADFB6A68E9783046FFF7EAFE4E
S31500011610AA7829883046FFF78DFF236943F0010335
S315000116202361384603B0F0BD480000200060064043
S31500011630F8B5144B43F8201000234B618B61CB6046
S315000116400B61012381F8223009B900BEFEE70C4681
S3150001165005460026CE728E720B4F384600F080FB8F
S31500011660A26BA17F2846FFF7BDFE94F82420218CAA
S315000116702846FFF75FFF3B6943F001033B613046B4
S31500011680F8BD00BF4800002000600640F8B50546D9
S315000116900F462C4B53F8204004F12506304601F045
S315000116A007FC032809D1A3696BB101230022214656
S315000116B02548FFF706FD0323A383002384F826307C
S315000116C0A08B80B2F8BD94F827301BB994F8280096
S315000116D0FDF75AFC1C4B9A6922F002029A61DB6DF6
S315000116E0C3F3024122698A4207D132B90023A38397
S315000116F084F82630A08B80B2F8BD8A420CD901222B
S3150001170084F8342010498A6D22F4403203F44033C0
S3150001171013438B650323A3830B4A936943F00203A7
S3150001172093613946304601F0C3FB032805D12146B2
S315000117302846FFF77DFF0323A383002384F8343073
S31500011740BBE700BF480000200060064008B100BEAC
S31500011750FEE738B5054609B900BEFEE70AB900BE7F
S31500011760FEE71B4850F825400CB900BEFEE794F889
S31500011770220058B328466161A26184F82330002310
S3150001178084F822300223A38394F8273043B9114AFF
S31500011790936943F4E0539361FFF760FD002038BD80
S315000117A00C4D002221462846FFF7FBFB2146284621
S315000117B0FFF72BFCAB6D23F00303AB65AB6943F479
S315000117C0E05343F00103AB61002038BD022038BD70
S315000117D0480000200060064008B100BEFEE7F8B5EB
S315000117E0044609B900BEFEE70AB900BEFEE7104885
S315000117F050F8240008B900BEFEE790F82250A5B1C2
S315000118001F4616460D46012380F826300021253055
S3150001181001F04EFB3B46324629462046FFF796FF2E
S3150001182006992046FFF732FFF8BD0220F8BD00BF3A
S315000118304800002008B100BEFEE72DE9F04106464A
S3150001184009B900BEFEE70AB900BEFEE7B2F5807F20
S3150001185001D900BEFEE72F4850F82640251C18BFC7
S3150001186001250DB900BEFEE794F8220000284DD0EF
S31500011870304616462261002284F8222084F823305D
S31500011880E1600223A38394F827304BB9224A936976
S3150001189043F4E0539361FFF7E1FC0020BDE8F081DA
S315000118A0DFF87480012221464046FFF77AFBF7B242
S315000118B07B1EDBB2012221464046FFF74FFBD8F8DB
S315000118C00420C2F30322012393409BB29E4238BFF8
S315000118D0BBB211498A6D22F44032013B1B0403F469
S315000118E0403313438B650DB900BEFEE7A27AE37A56
S315000118F09A42094A936943F4E05314BF43F0030340
S3150001190043F0020393610020BDE8F0810220BDE8A7
S31500011910F08100BF480000200060064008B100BE0B
S31500011920FEE7F8B50546954B53F82040261C18BF2F
S3150001193001260EB900BEFEE7914B5B6913F0010F5C
S3150001194034D00EB900BEFEE7E37AA27A9A4200F0DD
S315000119509C800EB900BEFEE7894AD16D01F00701F0
S31500011960506800F00F000122824092B286B1914286
S3150001197016D28348E15C23445B7903EB01230366BA
S31500011980E37A0133DBB2E372C16D01F007010EB9EF
S3150001199000BEFEE7A77A9F4200F0E6808A42E9D8B8
S315000119A026B900BEFEE70023E372A372744B5B699E
S315000119B013F0020F11D094F83430002B00F08B8015
S315000119C094F826301BB104F1250001F0C1FA032376
S315000119D0A38321462846FFF72BFE694B5B6913F467
S315000119E0805F15D066484FF4805343610123A3837A
S315000119F000222146FFF765FB94F826301BB104F15E
S31500011A00250001F0A5FAE36A13B1216B042098477A
S31500011A105B4B5B6913F4006F17D059484FF40063B1
S31500011A204361012300222146FFF74BFB94F8263040
S31500011A301BB104F1250001F08BFA40F20323A383C5
S31500011A40E36A13B1216B042098474D4B5B6913F48C
S31500011A50806F00F0918094F826301BB104F12500C7
S31500011A6001F076FA4FF40073A38301230022214685
S31500011A704348FFF726FBE36A13B1216B042098471D
S31500011A804FF480623E4B5A61F8BD6369EBB1A369BD
S31500011A90B3B994F8232021463948FFF712FB94F88D
S31500011AA026301BB104F1250001F052FA0023A3836D
S31500011AB0E36A002B3FF47AAF216B0420984775E760
S31500011AC021462F48FFF7A1FA70E72D4A936923F0C3
S31500011AD0010393616AE7E368F3B1294BDB6D13F404
S31500011AE0E02F2CD02369CBB9002394F8232021467B
S31500011AF02348FFF7E6FA94F826301BB104F12500D6
S31500011B0001F026FA0023A383E36A002B3FF465AFB5
S31500011B10216B0420984760E700BEFEE7184AE36898
S31500011B20116F1970E3680133E3602369013B236197
S31500011B30D16D11F4E02F02D0002BF0D1D4E7236947
S31500011B40002BD1D00E4A926DC2F3014293423FF669
S31500011B5044AF0B498A6D22F44032013B1B0403F466
S31500011B60403313438B6538E7002E3FF41AAF002E3E
S31500011B707FF419AF00BEFEE7F8BD00BF48000020A4
S31500011B800060064008B100BEFEE738B50546724B57
S31500011B9053F820400CB900BEFEE7704BD3F8143160
S31500011BA013F0040F22D06D4BD3F8503113F0010F0F
S31500011BB000F0A380236A23B1627D12B1616A02201B
S31500011BC09847E37E012B06D1644AD2F8183143F0D7
S31500011BD00103C2F8183100232376E37E23B9637D1E
S31500011BE013B12846FFF7B0FB022323805B4BD3F8E2
S31500011BF0143113F0010F1CD0584BD3F8183113F0E0
S31500011C00010F16D0237E13B140F2012323806368AE
S31500011C10002B40F08780236A2BB1616A0120984727
S31500011C206368002B7ED101232376FF224B4BC3F839
S31500011C3060214A4BD3F8143113F0020F16D0474BEB
S31500011C40D3F8183113F0020F10D0A368002B75D109
S31500011C50236A2BB1616A00209847A368002B6DD1D6
S31500011C6040F2022323803D4BD3F870313B4BD3F82E
S31500011C701421C2F34022D3F8143113F4807F0CD01F
S31500011C80E37D0133DBB2E375012B07D1A37D2BB1D4
S31500011C904FF48071314BC3F81411BAB12F4B4FF485
S31500011CA00072C3F814214FF48072C3F81421D3F8DB
S31500011CB0182122F00102C3F818212388022B04BF40
S31500011CC00023238025492046FFF77AFA234BD3F8D0
S31500011CD0143113F4806F3DD0012323801F494FF443
S31500011CE08063C1F81431D1F8183123F00103C1F82A
S31500011CF018312046FFF764FA38BD236A33B1627D95
S31500011D00002A3FF471AF616A03209847E37E002BF6
S31500011D107FF46AAF637D002B3FF466AF2846FFF779
S31500011D2013FB61E7E3681A780C4BC3F86021E3689B
S31500011D300133E3606368013B63607AE72369074A1D
S31500011D40D2F870211A70236901332361A368013B1C
S31500011D50A3608BE738BD00BF4C0000200060064041
S31500011D60036943F002030361D0F8103143F0020323
S31500011D70C0F8103100230361C0F81031704708B56F
S31500011D800020FFF7CBFD08BD08B50020FFF7FAFEDE
S31500011D9008BD00B583B001281CD060B1022803D06C
S31500011DA0032819D000BEFEE71A2001A9FCF7D2FDCF
S31500011DB060B100BEFEE701A90B20FCF7CBFD08B11F
S31500011DC000BEFEE7019B4BB900BEFEE7019B2BB9A6
S31500011DD000BEFEE71C20E8E74920E6E7019803B0CC
S31500011DE05DF804FB08B100BEFEE72DE9F04F83B0B4
S31500011DF00D4601460DB900BEFEE7D5F808A0EE78FE
S31500011E006C79AF7995F80CB0002E40F0D080287926
S31500011E10FFF7BFFF844608B900BEFEE7BBF1010F1D
S31500011E2054D17E4A00237E480021ECFB0A01FBF7D0
S31500011E3019F803460C46CDE900340127002908BFED
S31500011E40B0F1011FC0F0DA80BA465FFA8AF4AAF14E
S31500011E502002CAF12003012101FA02F921FA03F352
S31500011E6049EA030901FA0AF858EA090301D100BE51
S31500011E70FEE75FEA59014FEA380042464B46DDE983
S31500011E8000BC1BEB000B4CEB010C58466146FAF704
S31500011E90E9FF002908BFB0F1011FC0F0BC80013481
S31500011EA0E4B20AF1010ABAF1110FCED14FF6FF7A67
S31500011EB000234CB1013CE4B200279BB900BEFEE70A
S31500011EC04FF0000A5346F4E70024F6E7BBF1000F92
S31500011ED001D000BEFEE7BAF5803F01D300BEFEE7A2
S31500011EE01FFA8AFA4F4800F0E5F82A784D4B1B682D
S31500011EF023F4C073002A14BF4FF4807200221343E7
S31500011F00484A13606A78474B1B6823F0C003002ACE
S31500011F1014BF402200221343424A1360AA78414B60
S31500011F201B6823F08403002A14BF042200221343F2
S31500011F303C4A13601146126822F08202730003F0D4
S31500011F40020313430B604A6822F07802E30003F0B0
S31500011F50780313434B604B6823F00403002F14BF2F
S31500011F600422002213434B602B794A6822F00302B4
S31500011F7003F0030313434B608B681B0C1B044AEAF3
S31500011F8003038B606B7B0A6822F0B0021B0103F02E
S31500011F90300313430B60AB7B0A6822F08802DB0037
S31500011FA003F0080313430B6003B0BDE8F08F012E65
S31500011FB001D000BEFEE7BBFA8BF35B0998460BB96D
S31500011FC000BEFEE72879FFF7E4FE002808BFB84601
S31500011FD0B8F1000F01D100BEFEE72FB9231C18BFCF
S31500011FE001231BB900BEFEE73B46FAE7BAF5803F7F
S31500011FF001D300BEFEE71FFA8AFA73E70024DDE982
S31500012000002313433FF45CAF009B03F1FF381FFA33
S3150001201088FA3B464DE7CDE90001F0E740420F0063
S3150001202020A107000000044008B100BEFEE709B97F
S3150001203000BEFEE710B51446FFF7D4FE34B1044ADC
S31500012040136823F0810343F00103136010BD00BF41
S315000120500000044008B100BEFEE7034B1A6842F0D7
S3150001206080021A601B6870470000044008B100BE78
S31500012070FEE738B501460E4B5D68C5F380051C6861
S31500012080C4F34004586800F00300FFF782FE28B944
S31500012090002D08BF00241CB900BEFEE70124FAE7A3
S315000120A0034A136823F0810343F00103136038BD2B
S315000120B00000044008B900BEFEE7026822F0810272
S315000120C0026000220260426082607047022801D9E4
S315000120D000BEFEE738B5034609B900BEFEE717485C
S315000120E050F82300164C54F823301C7C1CBB151CDD
S315000120F018BF01252C460DB900BEFEE71D7D1DB199
S3150001210082F0010404F001040CB900BEFEE7196077
S315000121109A6001221A740222DA85836943F4002344
S315000121208361836913F4002FFBD00122054900F076
S31500012130C6FD002038BD022038BD00BF04EF0100F6
S315000121405000002017000300022801D900BEFEE757
S3150001215009B900BEFEE7F0B585B01D4B53F8205016
S315000121601C4B53F82040237C002B2FD10AB900BE0B
S31500012170FEE713460A46064621600027A7600121AD
S3150001218021740220E08594F82A00039102930191BB
S31500012190009705F11C03FCF78DFE32460E4994F8B3
S315000121A02A00FCF741FD94F82A00FCF7D1FEAB6941
S315000121B043F40023AB61AB6913F4002FFBD02B6909
S315000121C043F400032B61002005B0F0BD0220FBE7BC
S315000121D004EF010050000020AD220100022801D9C0
S315000121E000BEFEE738B5144B53F82050134B53F895
S315000121F02040E38D9BB2022B17D10023E3850022F9
S315000122000F49284600F05BFDAB6923F40023AB615F
S31500012210AB6913F4002FFBD100232374A37C1BB1FC
S3150001222004F12C0000F094FE38BD00220549284631
S3150001223000F045FDE3E700BF04EF01005000002078
S31500012240160003001700030038B5154B53F820405C
S31500012250144B53F82050236923F40003236195F8A6
S315000122602A00FCF791FE00220F49204600F027FDC7
S31500012270A36923F40023A361A36913F4002FFBD1FF
S31500012280AB7C43B9EB8D9BB2022B04BF0023EB85DC
S3150001229000232B7438BD05F12C0000F059FEF1E73F
S315000122A004EF0100500000201600030038B5194B59
S315000122B053F82040184B53F8205001290DD0236ABA
S315000122C01BB1626A012120469847A3688BB9012296
S315000122D01249284600F0F3FC38BD0123E385FFF7D8
S315000122E0B3FF236A002BF7D0626A03212046984781
S315000122F038BD216894F82A00FCF7A0FEA16894F87D
S315000123002A00FCF7EDFE0023A36094F82A00FCF7EF
S315000123101FFE38BD5000002004EF01001600030027
S3150001232008B50E4B53F820200D4B53F820001368C7
S31500012330127D12B91B78037708BD012A06D11A78D6
S31500012340597842EA012100F07CFC08BD1A785978D7
S3150001235042EA012100F080FC08BD00BF50000020C8
S3150001236004EF0100022801D900BEFEE709B900BE4B
S31500012370FEE738B5194B53F82030194C54F8204074
S31500012380587C40BB151C18BF012528460DB900BE57
S31500012390FEE71D7D1DB182F0010000F0010008B9C4
S315000123A000BEFEE7012058745960DA6002221A86DF
S315000123B0A36943F48023A361A36913F4802FFBD09F
S315000123C00121204600F0FEFC01220649204600F0CC
S315000123D076FC002038BD022038BD00BF5000002029
S315000123E004EF010015000300022801D900BEFEE733
S315000123F009B900BEFEE72DE9F04385B0214B53F83C
S315000124002050214B53F82040637C002B38D10AB968
S3150001241000BEFEE70F46804694F829000126039682
S31500012420029201964FF00009CDF800900B4605F196
S315000124301C024946FCF73EFD4246144994F8290020
S31500012440FCF7F2FB94F82900FCF782FD6760C4F8FB
S315000124500C90667402232386AB6943F48023AB6137
S31500012460AB6913F4802FFBD00121284600F0AAFCAA
S315000124702B6943F400132B61002005B0BDE8F083FE
S315000124800220FAE704EF0100500000205D2501005B
S31500012490022801D900BEFEE738B5144B53F8204097
S315000124A0134B53F82050AB6923F48023AB61AB691E
S315000124B013F4802FFBD10021284600F083FCEB6941
S315000124C000220C49284600F0FAFBE37C2BB104F10B
S315000124D02B0000F03DFD0023E37400236374238E7B
S315000124E09BB2022B04BF0023238638BD5000002077
S315000124F004EF01001500030038B5164B53F82050C0
S31500012500154B53F82040AB6923F48023AB61AB69CB
S3150001251013F4802FFBD10021284600F053FC2B69D0
S3150001252023F400132B61EB6994F82900FCF72CFDC9
S31500012530E37C43B9238E9BB2022B04BF002323867F
S315000125400023637438BD04F12B0000F001FD002364
S31500012550E374EFE704EF01005000002070B5054673
S31500012560254B53F82040254B53F82060012904D010
S31500012570238E9BB2022B13D070BD01232386FFF756
S31500012580BBFFA3691BB1E269032120469847736922
S3150001259023F0C02323F4F81343F470237361E7E7B0
S315000125A0A3691BB1E269002120469847E3688BB90C
S315000125B02846FFF7A1FFA3691BB1E2690221204664
S315000125C09847736923F0C02323F4F81343F4702367
S315000125D07361D1E7616894F82900FCF765FDE1684C
S315000125E094F82900FCF77CFD0023E36094F82900A8
S315000125F0FCF7AEFC70BD00BF5000002004EF0100E7
S3150001260010B582B0144B53F82030144A52F820000A
S315000126105C681B7D33B90CB900BEFEE7C369237044
S3150001262002B010BD012B0BD10DF1060100F025FB07
S31500012630BDF806302370BDF806301B0A6370EFE75C
S315000126400DF1060100F028FBBDF806302370BDF838
S3150001265006301B0A6370E3E75000002004EF010017
S31500012660022801D900BEFEE709B900BEFEE710B592
S31500012670094B53F8203000249C7493F82830012B21
S3150001268001D900BEFEE7012B02D1FFF71FFD10BDE8
S31500012690FFF75AFD10BD00BF50000020022801D9E6
S315000126A000BEFEE738B50C4B53F8205039B12B7CF0
S315000126B07BB195F82830012B04D1AB680B60E88D0E
S315000126C080B238BD0C4695F82A00FCF723FD206040
S315000126D0F5E700230B60F2E750000020022801D93C
S315000126E000BEFEE709B900BEFEE710B5094B53F877
S315000126F020300024DC7493F82830012B01D900BE68
S31500012700FEE7012B02D1FFF72DFE10BDFFF76CFE90
S3150001271010BD00BF50000020022801D900BEFEE70F
S315000127203D4B53F8203033B11A7C0AB10220704771
S315000127305B7C002B6DD12DE9F04182B00D46374B04
S3150001274053F8204001A9364B185CFCF703F9019FA9
S315000127500FB900BEFEE7AB009F4201D200BEFEE705
S31500012760B7FBF3F39BB29900B7FBF1F18D4234BF8E
S31500012770491B691AB7FBF5F8B8F1200F28BF4FF0CE
S315000127802008B8F1040F26D94FF0050E042276462B
S315000127900EFB05FCB7FBFCFC1FFA8CFC06FB0CF0E0
S315000127A0B7FBF0F0854234BF401B281A884202D895
S315000127B00146724663460136B6B2B646B045E7D221
S315000127C0072A03D8216941F400312161013A1F2A00
S315000127D003D900BEFEE70422F4E7216921F0F8518E
S315000127E0120602F0F8520A4322615A1E41F6FE71A0
S315000127F08A4201D900BEFEE7226922F4FF5222F085
S315000128001F02C3F30C0313432361002002B0BDE88A
S31500012810F0810220704700BF5000002004EF010044
S3150001282010EF0100022801D900BEFEE709B900BE7A
S31500012830FEE70AB900BEFEE7F0B583B014460D46C1
S315000128400646414B53F8207001A9404B185CFCF732
S3150001285081F8019B0BB900BEFEE73D4B53F82620DC
S31500012860B2FA82F2520913460AB900BEFEE7E279CC
S315000128701AB9A379B3FA83F35B091A460BB900BEF9
S31500012880FEE7A379022B03D12279B2FA82F2520929
S315000128900AB900BEFEE76B1E05F13301002203F8FB
S315000128A0012F8B42FBD12A4B43F82650E37985F859
S315000128B02830A3792B75237A85F82930637A85F830
S315000128C02A30384600F084F921683046FFF724FFA4
S315000128D0237983B30122A179384600F08BF9217956
S315000128E0384600F09FF93B69627923F4005343EAC5
S315000128F042333B610024EC852C86214605F12B00F1
S3150001290000F03CFB0746214605F12C0000F036FBA2
S31500012910012F16D001280CD00E4B9C5700220E4BCE
S3150001292053F826102046FCF719F82046FCF746F81E
S31500012930002003B0F0BD0022A179384600F05AF913
S31500012940CDE73846F5E700BF04EF010010EF0100BF
S315000129505000002014EF0100A084FF1F022801D9B6
S3150001296000BEFEE7F8B504468D4B53F820608D4B4B
S3150001297053F820508C49304600F0FEF9C0B140F2C0
S3150001298001632B8695F82830012B40F0E68020461E
S31500012990FFF77EFDAB691BB1EA690321284698471B
S315000129A0736923F0C02323F4F81343F4702373618E
S315000129B07E49304600F0E0F9C0B140F203632B8650
S315000129C095F82830012B40F0CC802046FFF760FDBA
S315000129D0AB691BB1EA69032128469847736923F05D
S315000129E0C02323F4F81343F470237361704930460E
S315000129F000F0C2F9C0B140F204632B8695F8283085
S31500012A00012B40F0B2802046FFF742FDAB691BB1B6
S31500012A10EA69032128469847736923F0C02323F402
S31500012A20F81343F4702373616249304600F0A4F948
S31500012A30C0B140F205632B8695F82830012B40F092
S31500012A4098802046FFF724FDAB691BB1EA69032193
S31500012A5028469847736923F0C02323F4F81343F4F7
S31500012A60702373615449304600F061F930B353491C
S31500012A70304600F081F908B34A4B53F824502046FA
S31500012A80FFF7BEFD2B7D002B77D16B6801336B60A1
S31500012A90EB68013BEB60EB682BB9AB691BB1EA69EB
S31500012AA0002128469847EB6843B92046FFF7F0FC1A
S31500012AB0AB691BB1EA69022128469847404930466D
S31500012AC000F035F960B33F49304600F055F938B3A7
S31500012AD0344B53F82450324B53F82470AB68FBB196
S31500012AE02046FFF71DFC2B7D002B4DD12B680133B2
S31500012AF02B60AB68013BAB60AB688BB92B6A1BB132
S31500012B006A6A012128469847AB684BB900222C49CD
S31500012B10384600F0D4F801222B49384600F0CFF8A8
S31500012B202949304600F003F9B0B12849304600F092
S31500012B3023F988B11B4B53F82450AB6863B995F858
S31500012B402830012B27D12046FFF748FB2B6A1BB102
S31500012B506A6A022128469847F8BD2046FFF7CCFC51
S31500012B6018E72046FFF7C8FC32E72046FFF7C4FC0A
S31500012B704CE72046FFF7C0FC66E76B6802336B60E3
S31500012B80EB68023BEB6086E72B6802332B60AB6890
S31500012B90023BAB60B0E72046FFF756FBD6E700BF26
S31500012BA004EF010050000020130002001100020092
S31500012BB010000200120002001500030015000200B9
S31500012BC0170003001700020016000300160002009A
S31500012BD0064B0361064B4361002383610362436233
S31500012BE04FF470328262C362704700BF0400000F67
S31500012BF000C01FC010B40C4602B14C1C022C0CD0F4
S31500012C00836923F0100343EA04138361036923F004
S31500012C10005303615DF8044B7047036943F00053A9
S31500012C200361F7E7826901F0FE0322F00202134312
S31500012C308361836923F0010301F001011943816175
S31500012C4070478369C1F3002223F0804343EA82730C
S31500012C508361C9B201777047836923F08043C1F369
S31500012C60002243EA827323F00043C1F3402243EA80
S31500012C70C2738361C9B20177704709B900BEFEE725
S31500012C8010B48369DB0F1B020B80C269D2B21343F6
S31500012C900B805DF8044B70470A4609B900BEFEE792
S31500012CA083695B0D03F400730B808169C90F43EAE5
S31500012CB001231380C169C9B20B431380704710B455
S31500012CC08BB2090C03291ED00FD9062925D0072955
S31500012CD016D1816A01249C4021F4403121EA040184
S31500012CE002FA03F30B4383620AE0012908D1016961
S31500012CF001249C4021EA040102FA03F30B43036118
S31500012D005DF8044B7047816901249C4021EA040166
S31500012D1002FA03F30B438361F2E7416A01249C4003
S31500012D2021EA040102FA03F30B434362E8E70B0CC1
S31500012D30032B13D009D9062B16D0072B1AD1806A7B
S31500012D4089B2C84000F001007047012B12D1036916
S31500012D5088B223FA00F000F001007047806989B259
S31500012D60C84000F001007047406A89B2C84000F0CF
S31500012D7001007047002070470B0C042B13D009D9B2
S31500012D80062B16D0072B1AD1806A89B2C84000F0EB
S31500012D9001007047022B12D1436988B223FA00F071
S31500012DA000F001007047C06989B2C84000F0010017
S31500012DB07047406A89B2C84000F0010070470020A0
S31500012DC07047000038B505460C460A460949FFF723
S31500012DD076FF224608492846FFF771FF2246074932
S31500012DE02846FFF76CFF224605492846FFF767FF8D
S31500012DF038BD00BF1B000300180003001A000300C2
S31500012E001900030008B50020FFF7A8FD08BD08B5A5
S31500012E100120FFF7A3FD08BD08B50220FFF79EFDBF
S31500012E2008BD0000024A136801331360704700BFF2
S31500012E305C00002010B582B00446002002A941F8CA
S31500012E40040DFBF787FD08B100BEFEE7019B0BB938
S31500012E5000BEFEE70F4A002313600F49019BA1FB49
S31500012E6003139B0953600D4B1B781BB10023936021
S31500012E700A4A13700722074B1A60094B1A681B6826
S31500012E809B1AA34204D206490B689B1A9C42FBD8A3
S31500012E9002B010BD10E000E0D34D6210AC84FF1FFC
S31500012EA05C000020014B1868704700BF5C000020E1
S31500012EB008B900BEFEE730B583B004460D460020D2
S31500012EC002A941F8040DFBF745FD08B100BEFEE776
S31500012ED0019B0BB900BEFEE7194A0023136019498D
S31500012EE0019BA1FB03139B095360174B1B781BB175
S31500012EF000239360144A13700722114B1A605DB9BF
S31500012F002378D3B1FBF792FD2378013BDBB2237023
S31500012F10FBF77EFD002011E00C4B19681A4603E011
S31500012F201368B5F1FF3F03D12378002BF8D0E9E709
S31500012F305B1A9D42F8D2032000E0032003B030BDA6
S31500012F4010E000E0D34D6210AC84FF1F5C0000204E
S31500012F5008B900BEFEE710B50446FBF767FD237806
S31500012F60DBB2FF2B08D023780133DBB223700024B8
S31500012F70FBF74EFD204610BD0124F9E708B900BE56
S31500012F80FEE738B504460D46FBF750FD2570FBF705
S31500012F903FFD002038BD08B50020FFF75BF800F0C3
S31500012FA0BFF808BD08B5FFF73FF808BD08B5FBF740
S31500012FB005FD08BD08B5FFF759F808BD08B5FFF7C7
S31500012FC031FC08BD08B5FFF74BFB08BD08B5FFF797
S31500012FD065FB08BD08B5FFF781FB08BD08B5104BB9
S31500012FE05B7813B90023184608BD0D4BDA6D596D90
S31500012FF01878FCF7A1FE03460028F4D1084B9A6D18
S31500013000597811709A6D598891609A6D191DD16020
S31500013010996D1878FDF766FB03460028E2D0E2E7D2
S315000130208089FF1F00B583B0642A28BF6422C2EBE2
S31500013030C232084B83FB02C3D217C2EB63130122D0
S315000130400192002200929BB2FDF78AFA03B05DF865
S3150001305004FB00BF1F85EB5108B50122FDF75EFF9A
S3150001306008BD7047F0B4124B5C79DCB1114B1E6898
S31500013070114B00224FF0010C03E001321033A24242
S3150001308010D0597B0029F8D09968B142F5D8711A48
S315000130905F68B1FBF7F507FB15110029EDD183F840
S315000130A00CC0EAE7034A136801331360F0BC7047AA
S315000130B06000002068000020E889FF1F0E4B5B7945
S315000130C0C3B12DE9F0410D4C0025A8460A4F04E095
S315000130D0013510347B79AB420ADD637B002BF7D0D7
S315000130E0237B002BF4D02368984784F80C80EFE704
S315000130F0BDE8F081704700BF60000020E889FF1F2E
S3150001310008B5002205491046FFF74CFF3A20FFF7A4
S315000131104DFF0020FFF74EFF08BD00BFB83A020081
S3150001312008B5044A136801331360FFF79BFF00F0EB
S31500013130FBF808BD6C000020014B1868704700BF02
S315000131406C00002038B5144B93F852360F2B01D979
S31500013150002038BD0D4601460F4C94F851362A46DB
S31500013160642000FB034005F0E3F894F85136E218B9
S3150001317082F8405601335A4203F00F0302F00F0260
S3150001318058BF534284F8513694F85236013384F8C5
S315000131905236012038BD00BFDC00002038B5144B83
S315000131A093F8523603B938BD0D46114C94F8503692
S315000131B0E21892F84026642101FB034105F0B8F8B4
S315000131C094F85036234493F840362B7094F85036D1
S315000131D001335A4203F00F0302F00F0258BF534264
S315000131E084F8503694F85236013B84F85236DAE7C1
S315000131F0DC00002008B51B4B1B78022B24D00DD810
S31500013200ABB1012B09D1184B1A7818490120FFF7E8
S31500013210D9FE0222134B1A7008BD08BD032B1DD01F
S31500013220042B03D100220F4B1A7008BD08BD104BA9
S3150001323093F85236002BF8D00B490C48FFF7AEFF36
S315000132400122084B1A7008BD0A490120FFF7BEFE8C
S315000132500028EAD10322034B1A7008BD0422014B50
S315000132601A7008BDD9000020D80000207400002083
S31500013270DC0000207000002008B5044A0449012042
S31500013280FFF79CFE0022034B1A7008BD6086FF1FE4
S31500013290EC0D0020D900002008B5FFF7ABFF08BDF3
S315000132A0024B01221A700022DA707047B084FF1FA8
S315000132B008B54FF400710220FCF7B0FC054BDB7832
S315000132C03BB1044B1B7823B9024B01225A700022F1
S315000132D0DA7008BDB084FF1F08B50D4A0D490220FA
S315000132E0FCF72AFD0C490220FCF7F0FE4FF40061C1
S315000132F00A48FBF7B5FB0A4B00221A705A709A70FE
S31500013300DA709A80002199600649D9601A7408BD5D
S3150001331030070020F485FF1F1886FF1FC0F00F40FD
S31500013320B084FF1F0000B041084B9B8801339BB25C
S31500013330632B08D9054B00229A80DB7813B9012249
S31500013340024B9A707047014A93807047B084FF1F01
S3150001335010B582B02F4B9B786BB92E4B1B785BBB9C
S315000133602C4B5B782BB12B4B00225A7000219960B4
S315000133701A7402B010BD274B00249C701C705C703F
S3150001338021460220FCF76EFD4FF400612248FBF74F
S3150001339065FB0194019BEF2B05D8019B013301933A
S315000133A0019BEF2BF9D94FF400611B48FBF758FB42
S315000133B00122184BDA70D0E7164C00232370022144
S315000133C00846FDF759F8D4ED037A9FED147A67EEB6
S315000133D0877A9FED137A77EE877A07EE100AB8EEB1
S315000133E0477A67EE877ADFED0F6A87EEA67ADFED19
S315000133F00E7AB4EEE77AF1EE10FA04DD0022A2604D
S3150001340000222274B5E7034B83ED027A01221A7476
S31500013410AFE700BFB084FF1FC0F00F40D1221B3FB2
S3150001342066A6A54300409C460000C843014B93EDA8
S31500013430020A7047B084FF1F10B5074C4FF4807223
S315000134400021204604F09CFF03236370034A0449CC
S315000134500020FEF781F810BD940700209408002093
S315000134604C86FF1F70B5884B1B78032B70D01FD974
S31500013470052B00F0D980C0F0B580062B00F0E9805D
S31500013480072B40F0FC80804B5C7804EB041203EBC5
S3150001349082039B6E03B198477B4B04EB041403EB49
S315000134A08404002284F82820032159701A7070BD03
S315000134B0012B12D02AD8744B93F828304BB9724B92
S315000134C093F86C302BB9704B93F8B030002B00F0A9
S315000134D0D98001226C4B1A7070BD6B4B93F8283062
S315000134E073B9694B93F86C3043B9674B93F8B030B5
S315000134F0022233B90022644B1A7070BD012200E02A
S315000135000022614B5A7002221A7070BD5E4D6C78B2
S3150001351004EB440605EB8606002231791046FEF7D8
S3150001352009F8B26801210020FDF75CFF04EB0414E1
S3150001353005EB8404002684F86060FFF7FDFDC5F8FD
S31500013540F80085F8F46085F8F56003232B7070BDEB
S315000135504D4A51780B01581802EB800090F8600033
S31500013560002482F8F44082F8F54000EB40040B4455
S315000135709B0003EB8403134493F83030D3B914460C
S3150001358045002E180B015A18920002EB86022244BE
S31500013590114692F83A30128F496B0020FEF7D6F8A1
S315000135A0A4F8FC00384BB3F8FC30BBB10722364B0C
S315000135B01A7070BD344C45002E180B015A18920032
S315000135C002EB86022244114692F83A30128F496B79
S315000135D00020FEF72FF9A4F8FC00E3E704222A4BAA
S315000135E01A7070BD284B93F8F4303BB9264B93F80B
S315000135F0F5303BB10722244B1A7070BD0522224BD0
S315000136001A7070BD204C6578FFF796FDD4F8F83036
S31500013610C01A05EB450504EB8504E368984231D3EE
S315000136200722194B1A7070BD174A547821010819DF
S3150001363002EB800090F860300133DBB280F8603035
S3150001364090F82C209A4294BF062203220E4B1A7040
S3150001365070BD0D4B5C7804EB041203EB82035B6EC9
S315000136600BB101209847084B04EB041403EB8404C7
S31500013670002284F82820032159701A7070BD072290
S31500013680014B1A7070BD00BF9407002002283AD87A
S315000136902DE9F041044694461F46B1B300EB0013F1
S315000136A01B4A02EB830393F8283013B10020BDE8CF
S315000136B0F08100EB001602EB86068E462C3601F1F0
S315000136C03005B046DEF80000DEF80410DEF808200A
S315000136D0DEF80C30A8E80F000EF1100E4646AE4596
S315000136E0EFD1DEF80000DEF8041003C6084B220114
S315000136F0111903EB8101C1F864C08F66012081F8BD
S315000137002800BDE8F081002070470020BDE8F08167
S3150001371094070020022809D870B4054C45002E18DC
S3150001372004EB86063171B260F36070BC704700BF6E
S315000137309407002004284FF00102034B0CBF83F8C5
S31500013740F42083F8F52070479407002018B1064B42
S315000137501B78042B03D00922034B1A7070470522EC
S31500013760014B1A70704700BFE00C00200922014B83
S315000137701A707047E00C002010B584B000248DF853
S315000137800C408DF80D0022463C212046FDF7D2FE65
S31500013790642300930123022203A92046FEF71CF8A5
S315000137A004B010BDF8B52F4B1B78042B09D009D9ED
S315000137B0082B4DD0092B50D0052B3DD00922294B82
S315000137C01A70F8BD002BFCD0032BF7D1264C02272B
S315000137D02770264B00251D70224A5178A1F150020F
S315000137E05A709D70DD701D7110225A712571A3608A
S315000137F00623A381A5731E4E402333707570B570E1
S3150001380080221C4B03EBC111F01C04F091FD2574C1
S315000138106661832323830123A376174B174A214627
S315000138203846FFF733FF18B909220E4B1A70F8BD57
S3150001383004220C4B1A70F8BD0A4A53780133DBB2E5
S315000138405370072B94BF03220822064B1A70F8BD4A
S31500013850044B00229A701A70F8BD024B00229A702E
S315000138601A70F8BDE00C0020E40C0020D80C0020F2
S315000138701C0D0020D80800206D3701004D370100CE
S31500013880054B1B7833B9044B00225A7003221A7078
S3150001389001229A70704700BFE00C0020024B187895
S315000138A0003018BF01207047E00C002038B5FFF743
S315000138B0E7FFFFF7F7FA0546084C23786BB1FFF7E8
S315000138C0D1FDFFF76FFFFFF7EDFA401B6428F4D92E
S315000138D0024B00221A709A7038BD38BDE00C0020E8
S315000138E008B500284FF480620CBF0021FF21024871
S315000138F004F046FD08BD00BFD808002008B5002029
S31500013900FFF7EEFF08BD10B504468120FFF734FF2F
S315000139102046FFF731FF10BD08B530B9AE20FFF7DD
S315000139202BFF0022044B5A7108BDAF20FFF724FF7D
S315000139300122014B5A7108BDD008002010B5314B48
S3150001394000241C705C709C706420FFF773FA20469B
S31500013950FFF7E2FF2020FFF70FFF2046FFF70CFFDE
S31500013960B020FFF709FFC820FFF706FF2046FFF743
S3150001397003FF1020FFF700FF4020FFF7FDFEFF20A9
S31500013980FFF7C1FFA120FFF7F7FEA620FFF7F4FE20
S31500013990A820FFF7F1FE3F20FFF7EEFEA420FFF778
S315000139A0EBFED320FFF7E8FE2046FFF7E5FED52024
S315000139B0FFF7E2FEF020FFF7DFFED920FFF7DCFE7E
S315000139C02220FFF7D9FEDA20FFF7D6FE1220FFF7F5
S315000139D0D3FEDB20FFF7D0FE2020FFF7CDFE8D20A2
S315000139E0FFF7CAFE1420FFF7C7FE0120FFF794FF79
S315000139F0FFF784FFFFF75AFF034B1C805C8001220F
S31500013A001A7110BDE00C0020D00800202DE9F04FFE
S31500013A1087B0029006AC04E90E00A0F12003DBB2E8
S31500013A205E2B55D8059B002B4FD0034413F820CCB1
S31500013A302B4BB3F8009009EB0C03802B4CDC9DF863
S31500013A400D30274AB2F802A00AEB0302402A45DCF0
S31500013A50029AA2F1200E1EFB03FE1FFA8EFE0193AF
S31500013A606BB3049B03EB4E0E00274FF0010BDFF8FF
S31500013A7074803EF8025B0AEB0704E4B2E00809EB46
S31500013A80C01080B204F007040BFA04F4E6B2BCF1EC
S31500013A90000F10D008EB0003604440444FF400428D
S31500013AA0E4431542197814BF314321401970520875
S31500013AB001338342F5D10137019B9F42D9D1CC44D1
S31500013AC0074BA3F800C0029803E09DF80CC0AFE7CE
S31500013AD0002007B0BDE8F08F0020FAE70020F8E7E4
S31500013AE0D0080020D808002070B584B004AC04E9E1
S31500013AF00E00D8B105460F4B9DF820201A809DF87F
S31500013B0024205A80007898B1002401AE96E80E0070
S31500013B10FFF77CFF15F8013B984204D10134E4B26A
S31500013B2028780028F2D1204604B070BD0024FAE7B7
S31500013B300024F8E7D0080020074B1A7852B1074B4A
S31500013B4019684B1E013A51FA82F2002103F8011F4E
S31500013B509342FBD1704700BFA00D0020A40D0020A9
S31500013B600346022918D009D904291FD019D30529DA
S31500013B7021D1134A07CA83E807000BE031B10129B5
S31500013B8019D1104A07CA83E8070003E00E4A07CA9B
S31500013B9083E80700184670470C4A07CA83E80700FE
S31500013BA0F8E70B4A07CA83E80700F3E7094A07CA99
S31500013BB083E80700EEE7034A07CA83E80700E9E757
S31500013BC01C3A02004C3A0200403A0200103A020046
S31500013BD0343A0200283A0200204B1B68002B3CD0E5
S31500013BE01F4B1B78002B38D02DE9F04387B00024FA
S31500013BF01A4EDFF870801A4F04E00134E4B23B78C4
S31500013C00A34227D92501336803EB05095B5D012B27
S31500013C10F3D1D9F80830002BEFD0202200214046FD
S31500013C2004F0AEFBD9F8083099F80C1040469847D5
S31500013C3033681D440DF10C09E9784846FFF790FFFA
S31500013C40AB7801936B78009399E80E004046FFF735
S31500013C504BFFD2E707B0BDE8F0837047A80D0020FF
S31500013C60A00D0020B40D00202DE9F04186B02E4CA8
S31500013C7020602E4C21602E490A702E490B800021AE
S31500013C802D4B19709AB1013AD2B2013212010B468B
S31500013C900D460C46012602E01033934206D0C15C64
S31500013CA00129F9D10134E4B23546F5E78DB9FFF7BB
S31500013CB043FFFFF743FEFFF721FE1B4B1B682BB3A8
S31500013CC01B4B1B7813B30024DFF85C8003AE184F3F
S31500013CD007E0194B1C70EAE70134E4B23B78A342D2
S31500013CE014D92301D8F80020D518D35C002BF3D1C1
S31500013CF0E9783046FFF734FF6868AB7801936B7853
S31500013D00009396E80E00FFF7EFFEE5E7FFF764FF85
S31500013D10FFF7CCFDFFF710FA084B18600022084B9D
S31500013D201A7006B0BDE8F081A80D0020A40D002090
S31500013D30A00D0020C484FF1FD40D0020AC0D00206F
S31500013D40B00D00202DE9F04186B0FFF72BFDFFF7FE
S31500013D50F3F94C4B1B68C31A4B4A1288934213D38F
S31500013D6001224A4B1A70474B18600022484B1A70C1
S31500013D70FFF794FD60B9464B1B780133DBB2182B74
S31500013D8009D8434A137003E0404B1B78002BEFD14F
S31500013D9006B0BDE8F08100223D4B1A703D4B186814
S31500013DA00028F5D03C4B1D78002DF1D03B4B1A78FD
S31500013DB0002100E01A46531CDBB29D4298BF002346
S31500013DC0164614010719025D012A06D00131CAB24D
S31500013DD09542EFD8314A1370DAE7304A1370BB685F
S31500013DE0002B47D0DFF8C08020220021404604F096
S31500013DF0C7FABB68397B40469847264B1A68144474
S31500013E0003ADE1782846FFF7ABFEA378019363780B
S31500013E10009395E80E004046FFF766FE204B1B68AF
S31500013E2001229A551F4B1E78E6B11B4B1878B8B183
S31500013E30184B1D681A4B1B68421ED2B201329C18E0
S31500013E400020024603E001331032A34208D0A95CE8
S31500013E500129F8D119780029F5D00130C0B2F2E76D
S31500013E60864295D8FFF70CFDFFF766FE0022074B49
S31500013E701A708DE70B4B1E78002EF3D0064B18787F
S31500013E80D6E700BFAC0D0020C484FF1FB00D002093
S31500013E90B10D0020A80D0020A00D00209F0D0020CF
S31500013EA0A40D0020D40D0020B40D00200000000058
S31500013EB02DE9F04F2DED028B83B09D4CDFF8788212
S31500013EC0D8E90023D4E90C01F8F784FC06460F462D
S31500013ED0984D95ED008BD4E90E2351EC180BF8F7AC
S31500013EE079FC32463B46F8F7BFFA82468B46D8E95B
S31500013EF00223D4E91201F8F76DFCCDE90001D4E9FA
S31500013F001423F8F767FCD5E90423F8F7ADFA04465C
S31500013F100D4602460B4650465946F8F7D7FE00288D
S31500013F2000F0CF80DFF8088252465B4630463946BC
S31500013F30F8F798FAD8E90223F8F74CFCD8E90423F4
S31500013F40F8F748FC06460F4652465B462046294688
S31500013F50F8F788FAD8E90023F8F73CFC02460B4645
S31500013F6030463946F8F780FA02460B46DDE900018C
S31500013F70F8F77AFA04460D466F4BD3E904AB52467D
S31500013F805B4620462946F8F76DFA06460F4666A3B4
S31500013F90D3E900236649D1E91601F8F71BFC8046EF
S31500013FA0894602460B4630463946F8F7A3FE0028F5
S31500013FB000F09E8042464B4650465946F8F754FA61
S31500013FC004460D465C4BC3E90445594BD3E91C67CE
S31500013FD032463B4620462946F8F78CFE58B9544BE3
S31500013FE0D3E91E6732463B4620462946F8F764FE6A
S31500013FF008B926462F4632463B464D49D1E92001AE
S31500014000F8F7E8FB4D4BC3E900014B4B83ED008B01
S31500014010C3E902674A4C04F10801606803F0E2FB58
S31500014020D4E908450022474B20462946F8F73AFECF
S31500014030D0B9434BD3E9026732463B46204629466F
S31500014040F8F710FA04460D4600223F4B3046394632
S31500014050F8F7C0FB02460B4620462946F8F74AFE0A
S3150001406010B93A4A364B1A60354B1C6901341C614A
S315000140701CB91A465B6901335361314DD5E906898D
S315000140806869F8F72DFB42464B46F8F7A3FB002279
S315000140902F4BF8F79FFB06460F462046F8F720FB05
S315000140A042464B46F8F796FB02460B4630463946E2
S315000140B0F8F7DAF9C5E9020103B0BDEC028BBDE8F8
S315000140C0F08F1B4C1B4BD3E90223D4E90601F8F709
S315000140D081FBDDE90023F8F7C5F9D4E90823F8F7F0
S315000140E079FBDDE90023F8F7BFF904460D4643E7FE
S315000140F00DA3D3E900230E49D1E91801F8F76AFBAC
S315000141008046894602460B4630463946F8F7D4FDC5
S3150001411000283FF457AF42464B4650465946F8F7FA
S31500014120A3F904460D464DE7FCA9F1D24D62503F75
S315000141303888FF1F680E0020200E0020800E002008
S31500014140380E00200000F0BF0000B03CD43A020057
S315000141500000F0410000000038B5294D3022002151
S31500014160284604F00DF99FED201B85ED081B9FEDF8
S31500014170202B85ED062B23480023436468600363E7
S315000141804360214AC261214A026242622049816139
S315000141900421C1600361012141618262436383603D
S315000141A01C4C23606360A360E360236163611A4A68
S315000141B0136053609360D360136153619FED0E0BDF
S315000141C0164B83ED000B294602F064F8144BD3E934
S315000141D00A01C4E90001D3E91001C4E90201D3E9E6
S315000141E01A23C4E9042338BD000000000000F0BF13
S315000141F07B14AE47E17A843F000000000000000016
S31500014200380E0020880E0020C83A0200C04702007E
S31500014210D03A0200200E0020680E0020800E0020F9
S315000142203888FF1F10B5334B1B68022B12D0012BA8
S3150001423024D0032B36D0042B48D0642000F0E6F8B6
S31500014240642000F0F0F8642000F0FAF8642000F031
S3150001425004F910BD284CE078C0F16400C0B200F04A
S31500014260D5F8642000F0DFF8E078C0F16400C0B250
S3150001427000F0E6F8642000F0F0F810BD642000F0CC
S31500014280C5F81D4CE078C0F16400C0B200F0CBF86F
S31500014290642000F0D5F8E078C0F16400C0B200F007
S315000142A0DCF810BD144CE078C0F16400C0B200F037
S315000142B0ADF8642000F0B7F8642000F0C1F8E078AA
S315000142C0C0F16400C0B200F0C8F810BD642000F06F
S315000142D09DF8094CE078C0F16400C0B200F0A3F883
S315000142E0E078C0F16400C0B200F0AAF8642000F0E2
S315000142F0B4F810BD540F0020D00E0020044B00224C
S315000143001A803C219970DA701E221A71704700BF1B
S31500014310D00E002008B50C48F9F780FE08B100BEA2
S31500014320FEE70A491320FAF789FB0748F9F776FEF3
S315000143300023074A01210748FAF77EFA00210846B9
S31500014340FAF78EFA08BD00BFC884FF1F6C86FF1FEF
S31500014350D80D00205085FF1F08B5FFF76DF86423BF
S31500014360034A3C210220FFF7D5F900F039F808BDD0
S31500014370801A060008B5FFF775F800F03DF808BD8C
S3150001438008B5034B1B88034A04F0CEF908BD00BFEC
S31500014390D00E0020E83A020008B5034B9B78034A89
S315000143A004F0C2F908BD00BFD00E0020E83A0200B1
S315000143B008B5034B1B79034A04F0B6F908BD00BFE3
S315000143C0D00E0020E83A020008B5034BDB78034A19
S315000143D004F0AAF908BD00BFD00E0020E83A020099
S315000143E008B564230C2202490248FFF73DFC08BDCB
S315000143F0D80E0020C088FF1F08B5FFF7A3FC08BD33
S3150001440008B500210320FEF727FE08BD08B50246C0
S3150001441000210320FEF706FE08BD08B50121032091
S31500014420FEF71AFE08BD08B5024601210320FEF774
S31500014430F9FD08BD08B504210320FEF70DFE08BDF0
S3150001444008B5024604210320FEF7ECFD08BD08B5B8
S3150001445005210320FEF700FE08BD08B50246052129
S315000144600320FEF7DFFD08BD08B50020FFF7CEFFEC
S31500014470FFF7C6FF0020FFF7D6FFFFF7CEFF0020AC
S31500014480FFF7DEFFFFF7D6FF0020FFF7E6FFFFF796
S31500014490DEFFFEF7A3FD08BD08B5FFF72FFF08BD38
S315000144A0124B1B68042B00D07047114B1B68012B64
S315000144B0FAD110B500F0B6F8FFF7FAFC00F0CAF829
S315000144C06420FFF7A3FF0B4CE0784008C0F16400BD
S315000144D0C0B2FFF7A8FF6420FFF7B2FFE0784008FB
S315000144E0C0F16400C0B2FFF7B8FF10BDE089FF1F3D
S315000144F0E489FF1FD00E002030B583B0344D14225D
S3150001450029460120FEF766FD324C334B0193334BAE
S3150001451000932346324A3349284604F0E3F92368D7
S31500014520012B0DD06420FFF771FF6420FFF77BFF9D
S315000145306420FFF785FF6420FFF78FFF03B030BDCE
S31500014540274B1B68013B012B14D9254B1B68032BF9
S3150001455013D0234B1B68042B36D06420FFF756FF7C
S315000145606420FFF760FF6420FFF76AFF6420FFF70E
S3150001457074FFE3E7FFF756FEE7E700F079F81A4B19
S315000145801B88312B0CD86420FFF740FF6420FFF70E
S315000145904AFF6420FFF754FF6420FFF75EFFD8E768
S315000145A06420FFF733FF104CE078C0F16400C0B21D
S315000145B0FFF739FF6420FFF743FFE078C0F164009D
S315000145C0C0B2FFF74AFFC4E700F052F8B6E700BFF2
S315000145D0480F0020E489FF1F580F0020540F0020C8
S315000145E0E089FF1F103B0200D00E002008B5FEF740
S315000145F01DFFBCEEC00A024B10EE102A1A8008BD40
S31500014600D00E002008B50322034B5A71FFF776FE40
S31500014610FEF727FD08BD00BF6000002008B5FFF7C3
S315000146209BFD08BD38B5094C094D2888F8F758F89F
S31500014630C4E90001A878F8F753F8C4E9020128791A
S31500014640F8F74EF8C4E9040138BD00BF680E002032
S31500014650D00E002008B5044BD3E90001F8F792FB10
S31500014660024BD87008BD00BF800E0020D00E00207E
S3150001467030B5C1B0124D2A881249684604F088F84F
S315000146800446AA7810496B4613FA80F004F080F8C4
S315000146900444A4B2EA780D490DEB040004F078F85D
S315000146A00444A4B22A790A490DEB040004F070F817
S315000146B02044C1B26846FEF745FD41B030BD00BF9A
S315000146C0D00E00201C3B02002C3B0200383B0200AE
S315000146D0443B020008B5FFF71DFEFEF711FDFEF78C
S315000146E0CBFDFFF7C1FEFEF7F7FDFFF735FEFFF73E
S315000146F089FFFFF793FFFFF73DFEFEF7CDFDFEF7BE
S31500014700DDFCFEF725FEFFF771FFF4E7042818D05C
S3150001471008D8012811D070B1022810D0032818D169
S3150001472001207047062810D00DD307280FD008287E
S315000147300FD10120704708207047042070470120DF
S3150001474070470220704702207047042070470420FA
S3150001475070470020704710B50446FFF7D7FF042CB9
S3150001476019D008D8012C18D07CB1022C11D0032CF9
S315000147700DD1022010BD072C03D8062C0DD2042022
S3150001478010BD082C03D1012010BD102010BD400022
S3150001479010BD022010BD042010BD082010BD032845
S315000147A012D009D9052813D010D3062812D007280C
S315000147B00CBF0D2000207047012803D08CBF0820B4
S315000147C00620704707207047092070470A20704766
S315000147D00B2070470C20704738B50446C0B938BD68
S315000147E0184603F073FBD4F8D00008B103F06EFB52
S315000147F0D4F8D40008B103F069FBD4F8D80008B1A5
S3150001480003F064FB204603F061FB2C46002DE6D045
S31500014810D4F8DC50A06D08B103F058FBE06D08B187
S3150001482003F054FB606D04F14C03984202D008B1C9
S3150001483003F04CFBD4F8B030002BD4D0186D00280F
S31500014840CED003F043FBD4F8B030002BC8D1CAE771
S3150001485038B5044668BB38BDA06CFFF7BDFFA06D37
S31500014860FFF7BAFF206E08B103F030FB606E08B1A6
S3150001487003F02CFBE06D08B103F028FBA06E08B134
S3150001488003F024FBE06E08B103F020FB206F08B1B2
S3150001489003F01CFB606F08B103F018FBD4F880002D
S315000148A008B103F013FB204603F010FB2C46002D44
S315000148B0D1D0D4F8845094F84430002BCCD1A06CDC
S315000148C00028CCD003F002FBC9E700002DE9F04F28
S315000148D089B00446D0F84480466E8946C1B1056C5C
S315000148E005F5806508FB05F706FB07F73946A06D58
S315000148F003F050FD90B1A065D4F8A030002B54D13F
S315000149002564B9F1000F40F0968009B0BDE8F08F3B
S31500014910056C0DB16D00E5E70125E3E77C4F3B68CA
S31500014920DB681D2201217B4803F04EFA3B68D3F870
S315000149300CB0D4F8A010784B784A002914BF9246DF
S315000149409A464046F7F7DCFE804689463046F7F739
S31500014950C7FE06460F4605F58060F7F7D1FE4246CB
S315000149604B46F7F737FF32463B46F7F733FFCDE9BC
S3150001497006012846F7F7C4FE42464B46F7F72AFFDB
S3150001498032463B46F7F726FFCDE90401636E0293F3
S31500014990636C0193236C0093534622466049584643
S315000149A003F096F8012002F059FF3946E06D03F055
S315000149B0F1FC08B1E065A3E7DFF854A1DAF80030AD
S315000149C0DB681D220121534803F0FEF94046F7F743
S315000149D097FE804689463046F7F782FE06460F4621
S315000149E0DAF800A005F58060F7F78AFE42464B46E5
S315000149F0F7F7F0FE32463B46F7F7ECFECDE9040148
S31500014A002846F7F77DFE42464B46F7F7E3FE324668
S31500014A103B46F7F7DFFECDE90201636E0193636C56
S31500014A200093236C22463F49DAF80C0003F050F854
S31500014A30012002F013FFD4F8B0305E6C1D6C05F551
S31500014A40806909FB06F1C900186D03F0A3FC07464E
S31500014A5008B3A56C013D002D15DDC9EB49784FEA78
S31500014A60C80805FB09F600EBC606D4F8B0301A6C87
S31500014A7005FB02F1D20007EBC101304603F058FCF9
S31500014A804644013DF1D1D4F8B0301F65D4F8B030B9
S31500014A90C3F8409039E7DFF87880D8F80030DB6852
S31500014AA01D2201211B4803F08FF9D4F8B04030468E
S31500014AB0F7F726FE06460F46D8F8008005F5006092
S31500014AC0F7F71EFE32463B46F7F784FE0022164BE9
S31500014AD0F7F780FECDE904014846F7F711FE3246A5
S31500014AE03B46F7F777FE00220F4BF7F773FECDE94A
S31500014AF0020108230193636C0093236C22460B4940
S31500014B00D8F80C0002F0E4FF012002F0A7FE00BF76
S31500014B102C8AFF1FA0450200C047020090450200F3
S31500014B20C045020068460200000020401C47020002
S31500014B3070B50E461446856945B319492846F8F7F6
S31500014B401DFB18B3002384F83F302B785F2B0ED062
S31500014B503F222946204603F056FF2046F8F718FB68
S31500014B60C0F13F023146204603F039FF70BD3F22B6
S31500014B703146204603F047FF2046F8F709FBC0F10E
S31500014B803F022946204603F02AFF70BD002384F820
S31500014B903F303F223146204603F035FF70BD00BF4E
S31500014BA088450200000000002DE9F04F2DED028B33
S31500014BB083B005460191144698460821104602F035
S31500014BC017FE8146B8F1000F0ED1002C1ADD043D07
S31500014BD0064600EBC40755F8040FF7F781FDE6E832
S31500014BE00201BE42F7D10DE0002C0BDD043D064665
S31500014BF000EBC40755F8040FF7F782FDE6E802015A
S31500014C00BE42F7D104F10055013D09EBC505D5E9D1
S31500014C100067013C002C25DD9FED238B15E0404606
S31500014C20F7F75EFD32463B46F7F71EFC41EC100BEB
S31500014C30019803F047FD53EC102B50465946F7F700
S31500014C4013FC06460F46013C0CD075E902AB53EC4A
S31500014C50182B50465946F8F72FF80028DFD151ECAA
S31500014C60180BDFE732463B46DDE90E01F7F7B2FDE9
S31500014C7041EC100B109803F025FDDDE9122351ECF0
S31500014C80100BF7F7F1FB04460D46B9F1000F02D000
S31500014C90484603F01BF92046294603B0BDEC028BBA
S31500014CA0BDE8F08FAFF300800000000000000000B7
S31500014CB0082803D008B5FFF772FD08BD0920704723
S31500014CC02DE9F04F8BB0D0F8CC400134C0F8CC4080
S31500014CD0D0F8C86094FBF6F506FB1544002C40F0AD
S31500014CE0C180039317460E4609900023C0F8CC30C5
S31500014CF0D0F8B420036C9A4225D00998446ED0F8B6
S31500014D00B420436C03FB02F304FB03F3D0F8A020A9
S31500014D10002A00F08280826D1A440192C26DD31876
S31500014D200293039B002B40F39380630008933B1F80
S31500014D300593331F0493149B043B06934FF0000A1B
S31500014D406300079322E0D0F8C430012B09D0002379
S31500014D500999C1F8B430D1F8B8300133C1F8B83087
S31500014D60CBE70021FFF7B2FDC7E7009525E0544CDC
S31500014D70544B1B6822465449D86802F0A9FE2046C6
S31500014D806DE00AF1010A039B534561D0059B53F877
S31500014D90049F0593049B53F8045F0493069B53F801
S31500014DA004BF0693BBF1000FDFD0089B03FB09F09C
S31500014DB003F084F800902946D847009B002BD6D0F3
S31500014DC0B9F1000F22DD009DDDF80880019F002664
S31500014DD022462946384603F0ABFA274425442246A3
S31500014DE02946404603F0A4FAA04401362544B145BC
S31500014DF0EED106FB04F3019A1A440192029A1A446F
S31500014E000292079B009A06FB03230093BBF1000F56
S31500014E10B7D0009803F05AF8B3E7099A926D02EBFE
S31500014E20030B039B002B13DD043F043E149BA3F1EC
S31500014E3004094FF000080194B24622E0204C214BB0
S31500014E401B6822462049D86802F042FE204606E049
S31500014E50099AD2F8B4300133C2F8B43000200BB04D
S31500014E60BDE8F08F0020FAE7002EE7D02246314652
S31500014E70584603F05DFAA34408F10108039B434534
S31500014E80E6D057F8044F019B04FB03F45AF8046F6C
S31500014E9059F8045F002DE7D0204603F00FF8009083
S31500014EA03146A847009B002BC8D02246009D2946C3
S31500014EB0584603F03DFAA344284603F007F8DBE71A
S31500014EC0F84702002C8AFF1F20480200000000005C
S31500014ED02DE9F04F2DED048BA9B00C908DED080B4B
S31500014EE08DED041BB0EE429AF0EE629A0F91934655
S31500014EF00793369DDDF8E4909DF8F4200A92B0EE12
S31500014F00438AF0EE638A1846FFF700FC0746B9F1BB
S31500014F10000F30D03C9B1B680B93DDE90823DDE9CC
S31500014F200401F7F7E7FE002800F0AE80AE4BD3E9A7
S31500014F300023DDE90401F7F7B5FE002840F0BC8047
S31500014F4000224FF0404351EC180BF7F7ABFEA8B91E
S31500014F500022A64B51EC180BF7F7A4FE20BB00224A
S31500014F60002351EC180BF7F79DFE10B3B0EE498AFA
S31500014F70F0EE698A04E001230B93CEE79DED048BE5
S31500014F800022002351EC180BF7F78CFE88B1409BE9
S31500014F90581C409B002B40F31381984240F3168125
S31500014FA000230E930D938DE0B0EE498AF0EE698AE7
S31500014FB0E6E7DDE90823DDE90401F7F753FACDE970
S31500014FC0080153EC182BF7F72FFD41EC100B09F0F4
S31500014FD0BBFD0022864B51EC100BF7F745FACDE9E4
S31500014FE004010022824BF7F73DFA53EC182BF7F731
S31500014FF0F1FB02460B46DDE90801F7F77BFE38B106
S3150001500000227B4BDDE90401F7F72EFACDE9040115
S31500015010B9F1000F0AD00B98F7F772FB02460B465F
S31500015020DDE90401F7F7D6FBCDE904014198F7F76D
S3150001503067FB02460B46DDE90401F7F7F5FCCDE90E
S31500015040040141EC100B09F07FFD53EC102BDDE957
S315000150500401F7F727FE38B90022654BDDE90401A3
S31500015060F7F702FACDE904015BA3D3E90023DDE9F1
S315000150700401F7F72BFE20B1DDE90401F7F75AFE2B
S3150001508087E76FF0004084E7DDE90823DDE90401E5
S31500015090F7F708FE80B1B9F1000F40F0C081409BDF
S315000150A0002B40F3B581409B002B00F398823A9E7A
S315000150B000230E930D930BE0409B002B60DD002334
S315000150C00E930D93B9F1000F00F09C803C9B5E6836
S315000150D04098F7F715FBCDE908013846F7F700FBCD
S315000150E0DDE90823F7F776FBCDE904013046F7F74A
S315000150F007FB02460B46DDE90401F7F76BFB41ECC2
S31500015100180B37A3D3E90023F7F7EAFD00287BD173
S31500015110E021012002F06CFB0446002800F08F809C
S31500015120409B03FB06F807FB08F8404602F0C6FE63
S31500015130A065002800F08B80389B002B40F09B80F7
S31500015140429B002B00F0B180224659460C98FFF78E
S31500015150EFFC6664409B2364B9F1000F40F088813F
S315000151603B9BA364022B40F38581980002F0A6FEC7
S3150001517060653B9B9A003C99606D03F0D9F881E12B
S315000151800022002351EC190BF7F78CFD38B1409B37
S315000151900133409301230E9300230D9392E7154BA0
S315000151A018685B464FF480621349806802F090FCF0
S315000151B04FF48063409300230E9301230D9381E7FF
S315000151C0409001230E9300230D937BE7409001232A
S315000151D00E9300230D9375E70000C0FFFFFFDF412B
S315000151E00000E0FFFFFFEF41188AFF1F0000F0BF3C
S315000151F00000F03F2C8AFF1FA442020000230E93F9
S315000152000D9363E73A9E63E78F4C23685A468F49AD
S31500015210D86802F05DFC2368D8688DED028B019792
S315000152200096409B5A468A4902F052FC0024894B5B
S315000152300F9A13602046FFF7CFFA0024E2E0824B73
S315000152401B685A468449D86802F042FCEFE77E4D56
S315000152502B68DB6834220121804802F0B5FD2B68FA
S31500015260D8688DED028B01970096409B5A467C4982
S3150001527002F02EFCDBE7404602F020FEE065002846
S315000152807FF45EAF704D2B685A467649D86802F0B6
S315000152901FFC2B68D8688DED028B01970096409B09
S315000152A05A466F4902F014FCC1E7002384F83F30E7
S315000152B03F225946204603F0A6FB4AE7DDF81CC00B
S315000152C09FED5D7B00279FED5E6B0497BE46B8465A
S315000152D0BA46F8E05421012002F08AFA0746C4F8DA
S315000152E0B0000028A3D005465F4E0FCE0FC50FCEE6
S315000152F00FC50FCE0FC596E80F0085E80F000A9B74
S31500015300012B3CD0B9F1000F46D03E9B0433BB6460
S315000153103F9B0433FB6401233B93D4F8B050409B7D
S315000153203B9A03FB02F0C00002F0C8FD2865002885
S3150001533037D0D4F8B030409A1A64D4F8B0303B9ADA
S315000153405A64A56CAD000121284602F051FAC4F851
S31500015350D00000283FF46BAF0121284602F048FA3D
S31500015360C4F8D40000283FF462AF0121284602F0B8
S315000153703FFAC4F8D800002840F0068157E7002319
S315000153803B647B64BB64FB643B65C4F8D030C4F802
S31500015390D430C4F8D830F7E03E9BBB643F9BFB6436
S315000153A0BBE7294D2B68DB68342201212B4802F02B
S315000153B00BFDD4F8B0802B68DD6800222B4BDDE9AC
S315000153C00801F7F707FA06460F463B98F7F798F9EB
S315000153D002460B4630463946F7F7FCF9CDE902019C
S315000153E0082301933B9B0093409B42461C49284658
S315000153F002F06EFB1BE71A46D2F8DC30002BFAD11D
S31500015400C2F8DC40204629B0BDEC048BBDE8F08F24
S315000154103A9E012340930E9300230D9358E6409B39
S31500015420002B00F3D1800B9B409301230E930023A5
S315000154300D934BE6AFF30080000000000000000072
S31500015440000000000000F03F2C8AFF1FE44202002A
S3150001545088430200C8410200284402005444020065
S315000154608C4402002C450200403F0200000020400F
S315000154700123A36404F14C036365B9F1000F3FF402
S3150001548078AE1E60079B1E4623666766002D3FF4B5
S3150001549015AF10AE2F460FCF0FC60FCF0FC697E829
S315000154A00F0086E80F00D5F800A095F804C0AE6895
S315000154B0D5F80C80D5F810E06B69049395ED066B71
S315000154C02F6A95ED0A7BCDF840A08DF844C012965F
S315000154D0CDF84C80CDF850E0049B15938DED166BFD
S315000154E018978DED1A7B1CAD0DF1400BBBE80F0033
S315000154F00FC5BBE80F000FC59BE80F0085E80F003D
S315000155008DF874C01E96CDF87C80CDF880E0049BA2
S3150001551021938DED226B24978DED267B04F1680591
S315000155201CAE0FCE0FC50FCE0FC596E80F0085E84E
S315000155300F00079D2846FFF7BBFB84F898002B4612
S31500015540082D0CBF4FF400730023C4F89C30389B20
S31500015550002B14BF4FF400630023C4F8A030C4F835
S31500015560A490B9F1000F0B9B08BF0123C4F8A83022
S315000155700A9B002B7FF4AEAEC4F8B030C4F8D0302D
S31500015580C4F8D430C4F8D8300023C4F8B430C4F811
S31500015590B830C4F8BC300D9BC4F8C0300E9BC4F8BB
S315000155A0C430419BC4F8C8304FF0FF33C4F8CC3047
S315000155B0429B002B3FF426AF0C9B1B685A69002ABD
S315000155C07FF41AAF5C611DE70B9A40998A423FF757
S315000155D015AE409201230E9300230D9372E501232C
S315000155E040930E9300230D936CE500BF2DE9F04F18
S315000155F02DED028BA9B00546149043EC182B9DF8AE
S31500015600E870409C03681C930023389A1360882134
S31500015610012002F0EDF88346002800F0B58502234B
S3150001562003641D90024639992846FFF781FA002F37
S315000156307AD0012228A941F8042D00230C933C9E1F
S315000156400B963B9E0A96099308930793069105923A
S31500015650049203930293019300939DED3E3B984A76
S3150001566038999DED362B9DED341BB0EE480AF0EED0
S31500015670680A2846FFF72CFCCBF84800002800F002
S3150001568083858BF84470002C00F09E8423681946AC
S31500015690119363681E93D4F808A0E3681593E36930
S315000156A01693236A1793636A1893E36A1F93A36B8E
S315000156B02093236B2393636B2593E36B2193236CD5
S315000156C02293636C249363691993A3691A932369DB
S315000156D01A461B93A36C1393002338980360012386
S315000156E0CBF84C30CBF854101346CBF87C2000296C
S315000156F040F3D6801A781292002A40F059851A464C
S31500015700013351188B4205D013F8012B002AF9D029
S31500015710012312931E9BA3F10409139F00231093E7
S315000157201C461D4698467BE00121B02002F060F838
S315000157300546CBF84800002800F026850646DFF826
S3150001574080C1BCE80F000FC6BCE80F000FC6BCE85D
S315000157500F000FC69CE80F0086E80F0000262E6496
S315000157606E64AE64AE65EE652E663046FFF7A0FA4E
S3150001577085F898003046FEF7C9FF6866C5F89C6053
S31500015780C5F8A0607DE70E954FE0284652E0AC468D
S3150001579055E0012658E00F954FEA88020C953C9B8F
S315000157A00B933B9B0A931A9B03EB020ECDF824E065
S315000157B0199B03EB020ECDF820E00F9B0793159B77
S315000157C01A440692059659F8042F0492CDF80CC096
S315000157D00290019500919DED3E3B0E9B394A389909
S315000157E09DED362B9DED341BB0EE480AF0EE680AAE
S315000157F01498FFF76DFB0346002800F0AD83DBF834
S315000158005820002A30D0109A002A00F0A583C2F849
S31500015810DC00B044013430371093119BA34226D0EB
S31500015820169B002BAFD01B5D0E93179B002BACD0A4
S3150001583053F82400189B002BA9D053F824C0BAF1C1
S31500015840000FA6D05AF82460139B002B14BF3946CB
S315000158500021129B002B9ED01B9B1A5D002A14BFB0
S31500015860022301230F9397E7CBF85800D1E7129B48
S31500015870C3B1DBF84C300133CBF84C3001238BF844
S315000158807830B02311990A4603FB01F30F930029DF
S3150001589040F39284002423460121154650460BE02D
S315000158A00023129300238BF87830EAE750F823207F
S315000158B0144401339D4207D00028F7D10A46F7E781
S315000158C0E0410200003F02008246E60001210F9DF1
S315000158D0A81901F08DFFCBF85C00002800F03C838D
S315000158E043190E93002C0BDD159A151F1C461E44F9
S315000158F055F8040FF6F704FFE4E80201B442F7D1C4
S31500015900119B002B40F361840026DFF8209409F1F6
S31500015910C008DBF85C40B02303FB0644BAF1000F74
S315000159203FD05AF8267009F1800E2546F446BCE8A8
S315000159300F0028606960AA60EB60E6461035C44531
S31500015940F4D1012323646764A36404F14C03636502
S31500015950E7640E9DA5650023E36523661846FFF7F8
S31500015960A7F984F898000020FEF7D0FE60660023B0
S31500015970C4F89C30C4F8A03005EBC7030E9301367A
S31500015980119BB342C5D1DBF84C300133CBF84C3017
S315000159901F9B002B79D01F9B1D1F00263446119F8C
S315000159A005E00127BFE70134A74240F3208455F8FB
S315000159B0040F0028F7D0F7F7EBFB0644F3E7296855
S315000159C0C95C22F8021B01336345F8D100EB0E04D2
S315000159D001370436B8450DDD354630680028F7D065
S315000159E0F7F7D6FB84460028F2DDA64609EB44020A
S315000159F00023E4E71F9B1F1F4FF00008CDF838A0D6
S31500015A00DDF844A0DBF86040B02303FB084457F8F7
S31500015A10040FF7F7BDFB8646C44B03F1C00C2546C0
S31500015A2066460FCE28606960AA60EB60B446103501
S31500015A30BF4B9E42F4D11EF1000318BF012323641C
S31500015A40C4F844E0C4F858900023E3650123A36435
S31500015A5004F14C036365C4F84CE00423236684F81F
S31500015A609830022363660023C4F89C30C4F8A03042
S31500015A7009EB4E0908F10108C245C3DCDDF838A07F
S31500015A80DBF84C300133CBF84C30209B002B00F077
S31500015A909B80119A002A40F3EA831E990B4601EB7B
S31500015AA08201002453F8042B14448B42FAD1E600F8
S31500015AB001210F9DA81901F09BFECBF86400002877
S31500015AC000F04A8200EB0508002C0BDD209B1D1F10
S31500015AD04446464455F8040FF6F712FEE4E802017F
S31500015AE0A642F7D11E9BA3F10409AAF1040A0026D6
S31500015AF03746CDF838B0DDF854B032E004F14C0346
S31500015B006365636D0BEB86025BF826101960A36C67
S31500015B10012B09DD012352F8040F616D41F82300C1
S31500015B200133A16C8B42F6DBC4F858800025E5658C
S31500015B3025662846FFF7BCF884F898002846FEF744
S31500015B40E5FD6066C4F89C50C4F8A05059F8043FBE
S31500015B5008EBC3085AF8043F1E440137119BBB42A8
S31500015B602BD00E9B5C6EB02303FB07446F4B03F5F2
S31500015B70A07E2546F446BCE80F0028606960AA604D
S31500015B80EB60E64610356B4B9C45F3D1D9F80430F2
S31500015B90003318BF01232364D9F804306364DAF8AB
S31500015BA00400A0640228A9DD042101F021FE60653C
S31500015BB00028A6D1DDF838B0CEE1DDF838B0DBF843
S31500015BC04C300133CBF84C30239F002F00F08D80F1
S31500015BD03846F7F7DDFA04461090450001210F9E7D
S31500015BE0701901F005FECBF86800002800F0B481B9
S31500015BF000EB060E002C0BDD3B46AEF102023946E8
S31500015C0021440C4613F8011B22F8021FA342F9D1C5
S31500015C10119B002B64DD0027B9464FF0040A13954A
S31500015C20CDF838B0DDF894B024E05BF828300033C5
S31500015C3018BF012323645BF8283063640122A26440
S31500015C4004F14C026265E364C4F858E0C4F85C9060
S31500015C50C4F860A084F898A002236366C4F89C90F7
S31500015C60C4F8A0905BF828305B009E440137119B75
S31500015C70BB4233D0B8460E9B9C6EB02303FB074450
S31500015C802A4B03F5807C254666460FCE286069605F
S31500015C90AA60EB60B4461035274B9E42F4D1BBF1A6
S31500015CA0000FC2D1109A131C18BF0123236462642A
S31500015CB00123A36404F14C036365E264C4F858E06C
S31500015CC0C4F85C90C4F860A084F898A002236366C7
S31500015CD0C4F89C90C4F8A090139BC6E7DDF838B0D1
S31500015CE0DBF84C300133CBF84C30219B002B00F014
S31500015CF09C80119A002A0FDD1C4603EB82060025C3
S31500015D0002E0A64200F0888254F8040B0028F8D07D
S31500015D10F7F73EFA0544F4E701210F9801F068FD13
S31500015D20CBF86C00002866D116E100BF003F0200E7
S31500015D300040020080400200404002002968C95C20
S31500015D4022F8021B01336345F8D100EB0E0401373B
S31500015D500436B8450DDD354630680028F7D0F7F72B
S31500015D6017FA84460028F2DDA6460AEB4402002310
S31500015D70E4E7219B1F1F4FF00008DFF83893DBF89B
S31500015D806C40B02303FB084457F8040FF7F700FAF9
S31500015D90864609F1800C254666460FCE2860696065
S31500015DA0AA60EB60B4461035B94B9E42F4D11EF1A0
S31500015DB0000318BF01232364C4F844E00123A3644C
S31500015DC004F14C036365C4F84CE0C4F858A0002301
S31500015DD0E3650423236684F898300223636600236F
S31500015DE0C4F89C30C4F8A0300AEB4E0A08F1010849
S31500015DF0119B4345C3DCDBF84C300133CBF84C3007
S31500015E00129B73B1A34BCBF85030229B002B00F0B1
S31500015E109480119A002A1DDD1C4603EB820600259B
S31500015E2010E09D4BCBF85030EFE7129B1BB19B4B1B
S31500015E30CBF85030E9E79A4BCBF85030E5E7B4425E
S31500015E4000F0FE8154F8040B0028F8D0F7F7A0F90A
S31500015E500544F4E701210F9801F0CAFCCBF8700064
S31500015E6000285ED178E02968C95C22F8021B01335B
S31500015E706345F8D10EEB000408F101080436C1456B
S31500015E800DDD354630680028F6D0F7F781F98446EE
S31500015E900028F1DDA64607EB44020023E3E7229B37
S31500015EA0A3F104084FF00009DFF8E8A1DBF8704020
S31500015EB0B02303FB094458F8040FF7F769F986463E
S31500015EC00AF5A07C254666460FCE28606960AA6061
S31500015ED0EB60B4461035734B9E42F4D11EF10003BC
S31500015EE018BF01232364C4F844E00123A36404F129
S31500015EF04C036365C4F84CE0A7650023E3650423FE
S31500015F00236684F89830022363660023C4F89C3024
S31500015F10C4F8A03007EB4E0709F10109119B4B4567
S31500015F20C4DCDBF84C300133CBF84C30129B002B30
S31500015F3000F0AA80574BCBF85030249B002B43D05E
S31500015F40119BDC0001210F9B181901F051FCCBF8C4
S31500015F507400002840F0B080534B1B681D9A5349CA
S31500015F60D86801F0B5FD389B1B68002B00F0FB805B
S31500015F70DBF85800FEF730FCDBF8600008B101F0F1
S31500015F80A5FFDBF8640008B101F0A0FFDBF85C00B7
S31500015F9008B101F09BFFDBF8680008B101F096FF3C
S31500015FA0DBF86C0008B101F091FFDBF8700008B175
S31500015FB001F08CFFDBF8740008B101F087FF389B14
S31500015FC01B68002B40F0E080419B002B54D0184603
S31500015FD0F7F7DEF8054640000121B03001F008FC74
S31500015FE00446CBF88000002800F0CE800646304FEC
S31500015FF00FCF0FC60FCF0FC60FCF0FC697E80F00F3
S3150001600086E80F00002D14BF012300232364656475
S315000160104FF00103A36404F14C036365E56404F1E5
S31500016020B00009DD419A04F1AE03154412F8011BD3
S3150001603023F8021F9542F9D1DBF880309865DBF829
S3150001604080200023D365DBF8801004220A66DBF882
S31500016050801081F89820DBF8802002215166DBF858
S315000160608020C2F89C30DBF88020C2F8A030DBF833
S3150001607040300133CBF840301C9B9A69002A77D116
S315000160801C9BC3F818B079E0034BCBF8503054E7AA
S31500016090A0420200B83B02007C3D0200003F020024
S315000160A084400200383D02002C8AFF1F503B02004B
S315000160B060420200E04102000F9B1844119B002B35
S315000160C04BDD249B5E1E0F900444054616F8010F16
S315000160D0F6F706FBE5E80201AC42F7D100260E967B
S315000160E0DFF8AC9109F5E07A4FF001083746DBF8A5
S315000160F07440344409F5C07E2546F446BCE80F00D9
S3150001610028606960AA60EB60E6461035D445F4D193
S31500016110C4F84080C4F84480C4F848800F9DA56542
S31500016120E76527663846FEF7C3FD84F8980008231D
S3150001613063664FF40073C4F89C30C4F8A070C4F8C9
S31500016140A470C4F8A8800E9B01330E93B0362A467C
S3150001615008320F92119A9A42C9D1DBF84C300133B9
S31500016160CBF84C3030E7474B389A136000E71A46B4
S31500016170D2F88430002BFAD1C2F884B0584629B03F
S31500016180BDEC028BBDE8F08F3F4B1B68399A3F4946
S31500016190D86801F09DFC389B1B682BB15846FEF769
S315000161A057FB4FF0000BE9E7364B389A1360F5E7DA
S315000161B001231293FFF7AEBA01210F9801F018FBE4
S315000161C0CBF85C0000283FF4C7AEDBF84C30013356
S315000161D0CBF84C301F9B002B45D001210F9801F0C5
S315000161E007FBCBF8600000287FF44AACB4E6012136
S315000161F00F9B03EB460001F0FBFACBF86000002889
S315000162003FF4AAAE0F9B00EB03091F9E002427460D
S31500016210DDF84480FFF7E0BB01210F9B03EB45004E
S3150001622001F0E6FACBF86C0000283FF495AE0F9B1F
S3150001623000EB030A219E00242746DDF844808AE507
S3150001624001210F9B03EB450001F0D2FACBF8700058
S3150001625000283FF481AE0F9BC718229E0024A0465A
S31500016260DDF844900DE6209B002B3FF4ADAC0121F7
S315000162700F9801F0BDFACBF8640000287FF49FACBB
S315000162806AE600BFC84102002C8AFF1F943B020048
S31500016290B83B02002DE9F04F2DED068BA9B00F900A
S315000162A0B0EE409AF0EE609AB0EE41AAF0EE61AA25
S315000162B0B0EE428AF0EE628A109106694569C768B6
S315000162C0022F14BF4FF000084FF0010800230B60A6
S315000162D02021012001F08CFA1590002834D00F9A64
S315000162E015991160D2691378002B40D10F990A6A6A
S315000162F01378002B40F036824B6A1B78002B00F096
S3150001630066820F9B1C6B002F00F031820F9B5B6A2C
S3150001631000220D920C948DED0A8B089501220792AD
S31500016320CDF818800593109B04938DED028B8DEDAE
S3150001633000AB53EC192B0F98FFF758F9159B186111
S31500016340002840F04482DFE1894B109C2360894B91
S315000163501B68DB6830220121874801F035FD23687F
S31500016360002B40F0EC81824B109A1360E7E101218A
S3150001637028A840F8401D0C910B950A960023099315
S315000163800893079306900591049103930293019351
S315000163900093B0EE483AF0EE683A1099B0EE482A0A
S315000163A0F0EE682AB0EE4A1AF0EE6A1AB0EE490A21
S315000163B0F0EE690A0F98FEF78BFD159B1860002811
S315000163C094D1A1E10023D7E1A36823B1D3F80090CA
S315000163D0D4F80CA0E5E14FF00109F9E70027E5E162
S315000163E04FF00008E8E101230C930B950A96002370
S315000163F0099308930793CDF818A0CDF8149018992E
S3150001640004910393CDF8088001930094B0EE483AC5
S31500016410F0EE683A3B461099B0EE482AF0EE682A4B
S31500016420B0EE4A1AF0EE6A1AB0EE490AF0EE690ABF
S315000164300F98FEF74DFD159B5860002840F0C1816D
S3150001644062E101230C930B950A93002309930893A8
S315000164500793CDF818A0CDF81490189904910393D9
S31500016460CDF8088001930094B0EE483AF0EE683A10
S315000164703B461099B0EE482AF0EE682AB0EE4A1A69
S31500016480F0EE6A1AB0EE490AF0EE690A0F98FEF7C5
S315000164901FFD159B1861002840F0998134E1002306
S315000164A00D930C948DED0A8B08950796CDF81880FF
S315000164B00592109B04938DED028B8DED00AB53EC91
S315000164C0192B0F9E3046FFF791F8159B586000284F
S315000164D000F01A81736A1A78002A00F0788117E7AA
S315000164E04FF0010A9BE1224B109A1360E5E004216B
S315000164F0504601F07DF9C8F80C00002840F09E8155
S315000165001B4B109A1360D8E03F248EE0119B002BA1
S3150001651040F0AB80BAF1010F40F09B80D9F804003E
S3150001652003681793D9F80030012B0ADD012150F8D1
S31500016530042F179B134417930131D9F80030994260
S31500016540F5DB012B09D017A84FF0010CD9F81C3047
S315000165501B78D9F82020126817E0D9F8083023B142
S31500016560D3F800C0D9F80C00F0E74FF0010CF9E7B9
S31500016570C84102002C8AFF1FC44702004FF0010CDC
S31500016580D068D3691B78126A1268D8F80C400121C9
S315000165900C9113990B9112990A91099708970797EC
S315000165A00690CDF814C017990491039702920197AA
S315000165B04C2202FB0592926C0092B0EE483AF0EE44
S315000165C0683A18AA1099B0EE482AF0EE682AB0EE99
S315000165D04A1AF0EE6A1AB0EE490AF0EE690A0F9805
S315000165E0FEF776FC44F82500D8F80C3053F8253030
S315000165F0002B62D00135002E00F0AB8033782C2BB6
S3150001660000F0A4800E960BF1010BD34500F01D811D
S315000166102C210E9C601C02F0D4F9064600283FF49A
S3150001662073AF041B3F2CA8BF3F2422460E9918A81E
S3150001663002F0E9F928AB1C4404F8407CBAF1010FD9
S315000166407FF764AF149B53F82B30002BD3D0119BEB
S315000166505BB94C2202FB059253681B68179393683A
S31500016660002B8BD0D3F800C08AE7D8F80C400D97E1
S315000166704C2303FB05930C938DED0A8B139B089317
S31500016680129B0793119B022B14BF00230123069330
S3150001669018AB0593109B04938DED028B8DED00AB2A
S315000166A053EC192B0F98FEF7A1FF44F82500D8F8F3
S315000166B00C3053F82530002B9CD1684B1B68DB68E6
S315000166C030220121664801F07FFB109B1B68002BDD
S315000166D041D0B8F1000F14D0D8F81400FEF77CF8B9
S315000166E00024C8F81440D8F81800FEF7B1F8C8F825
S315000166F01840D8F80C0008B101F0E8FB0023C8F8EF
S315000167000C30109B1868E0B1544B1B68DB683022D3
S315000167100121534801F058FB109B1B68002B00F028
S315000167209880159D6869FEF757F800246C61A86981
S31500016730FEF78EF8284601F0C9FB0F9B1C60109BE3
S31500016740186829B0BDEC068BBDE8F08F731C0E935B
S3150001675059E70E9657E7434B109A1360B8F1000FAD
S31500016760BAD1D1E70F9B1C6B002F7FF498AE6768F7
S31500016770002F3FF427AE3B6818932368012B09DDF0
S31500016780012057F8041F189B0B4418930130236806
S315000167908342F6DC012B3FF417AE0DF1600A4FF090
S315000167A00109E369002B3FF419AE1F78236A002B18
S315000167B03FF416AED3F80080A46C1378002B7FF457
S315000167C012AE0F9B5A6A1378002B7FF43AAE0F9CD8
S315000167D02369129363691393E3681193D4F80080D4
S315000167E00023109A1360A36A18460E931B7863B3AD
S315000167F02C2102F0E6F8A3681493D4F834900346EA
S3150001680000283FF46DAE4FF0010A2C242146581C96
S3150001681002F0D7F80AF1010A03460028F6D1C8F8B2
S3150001682008A0119B002B7FF462AE0421504600F0B4
S31500016830DFFFC8F80C0000283FF455AEBAF1000F8F
S3150001684003DD0025AB462F46E2E60020109B1860CB
S3150001685077E7044B109A136063E700BF2C8AFF1F8A
S31500016860C4470200C84102002DE9F04F2DED088B07
S31500016870A5B0834619910892436E1C46D0F8A43000
S315000168801E93002B36D0D0F8A8301593DBF8443090
S3150001689009939BF8603018461093DBF8A0305BB380
S315000168A0FDF759FF1C90DBF8483019460F93DBF8CA
S315000168B054301F9300220023CDE92223159B002B80
S315000168C040F3F2851C9B03EBD3735B10209301F11C
S315000168D08043013B9B00219304331A9300231693B3
S315000168E01D9312931B9311939FEDA1BBDA46A34609
S315000168F000F0D7BC0123C8E71C94D4E7DAF8C4300A
S31500016900012B09D00023CAF8B430DAF8B8300133C4
S31500016910CAF8B83000F0DBBC08995046FDF7D6FF3F
S3150001692000F0D5BC0122169200F0E1BC036893F891
S3150001693000E0DAF8D4B0A1EB0C0359F8044F5BF888
S31500016940025004FB05F44BF80340DAF8D840A2588C
S315000169500EFB02F2E2500430B14212D0C21B51F8D2
S31500016960043B022B05D0042B07D0012BDED0C646F3
S31500016970DFE70368B3F800E0DBE70368D3F800E07C
S31500016980D7E7DDF81CB0DAF8B430099A03FB02F355
S315000169900BFB03F3DAF85860DAF8A020BAB1DAF89B
S315000169A05C201A440B92099A002A40F32B845B441B
S315000169B01E44129A1A9B1A4417921B9AD3181893BB
S315000169C04FF00009B0464B46D9469B4648E00022A7
S315000169D00B92E8E754F8045C2D78DAF8D460F6589F
S315000169E091FBF6F6DAF8D070FE50DAF8D060F65878
S315000169F0B5421EDDDAF8D450EB5803FB1611013807
S31500016A00043CB0F1FF3F00F08F840EEB020352F815
S31500016A10045D022D05D0042D07D0012DDAD065467F
S31500016A20DBE754F8045C2D88D7E754F8045C2D683D
S31500016A30D3E7DAF868304BBB109B002B46D14E4B9F
S31500016A40D3E900230799C1E90023DAF8A030002B26
S31500016A504AD10BF1010BC844099B5B4500F0D18378
S31500016A60A8EB09030793089B002B00F073840F9B87
S31500016A70581E00F15984189C179A5946129B6FF0BB
S31500016A800307FF1A4FF0000CBE46BEE700240A9426
S31500016A9000F068BC159B119A03FB04241C9B199AF0
S31500016AA003FB04244A462146079801F041FCDAF823
S31500016AB0A030002BCDD04A46209BE1180B9C2046E6
S31500016AC001F036FC23464B440B93C2E7109B012B86
S31500016AD005D04A460021079801F052FCB5E7274B3D
S31500016AE01B68079A1360B0E74A4600210B9C2046B3
S31500016AF001F046FC23464B440B93AAE7E8B2FDF7A7
S31500016B0005FE14909AF86C70DAF874300E93DAF880
S31500016B1078300C93DAF87C3013939AED20ABDAF8DF
S31500016B2088300D939AED248B012300F039BC8DED4D
S31500016B30048B0D9B02938DED00AB139B0C9A0E9962
S31500016B406019FEF731F841EC180B042F00F00583AC
S31500016B5000F2AF82012F00F0D282002F00F0B7823F
S31500016B60022F00F0E282032F00F05984BAE200BF3F
S31500016B707327FD3ADD9ABFBF208AFF1F288AFF1FB0
S31500016B80042D00F0428100F38580012D00F0C380C1
S31500016B9041DD022D00F0FD80032D40F02682159B7C
S31500016BA0119A04FB0324149B03FB04F4199B185D3F
S31500016BB0F5F796FD53EC1A2BF5F70CFE41EC100B8D
S31500016BC00D9801F07FFD53EC182B51EC100BF5F7E6
S31500016BD04BFC41EC190BDAF8A030002B00F00B84CA
S31500016BE0149B03EBD373199A02EB6303185DF5F754
S31500016BF077FD53EC1A2BF5F7EDFD41EC100B0D98D3
S31500016C0001F060FD53EC182B51EC100BF5F72CFC41
S31500016C1041EC180B99E7002D40F0E781159B119A7D
S31500016C2004FB0324149B03FB04F4199B2344D3E9BB
S31500016C30002351EC1A0BF5F7CDFD41EC100B0D9825
S31500016C4001F040FD53EC182B51EC100BF5F70CFC41
S31500016C5041EC190BDAF8A030002B00F0CC83149B21
S31500016C6003EBD372199B234403EB6203D3E900239D
S31500016C7051EC1A0BF5F7AEFD41EC100B0D9801F036
S31500016C8021FD53EC182B51EC100BF5F7EDFB41EC04
S31500016C90180B5AE7062D00F03081C0F2F280072D5D
S31500016CA000F06781082D40F0A081159A119904FB27
S31500016CB0021403FB04F4199B185DF5F711FD53EC5F
S31500016CC01A2BF5F787FD41EC100B0D9801F0FAFC34
S31500016CD053EC182B51EC100BF5F7C6FB41EC190BD5
S31500016CE0DAF8A030002B00F08683199B185DF5F7C2
S31500016CF0F7FC53EC1A2BF5F76DFD41EC100B0D98D3
S31500016D0001F0E0FC53EC182B51EC100BF5F7ACFB42
S31500016D1041EC180B19E7159B119A04FB0324149BEC
S31500016D2003FB04F4199B23441868F5F7FBFC53ECA9
S31500016D301A2BF5F74FFD41EC100B0D9801F0C2FC33
S31500016D4053EC182B51EC100BF5F78EFB41EC190B9C
S31500016D50DAF8A030002B00F04E83149B03EBD372BC
S31500016D60199B234403EB62031868F5F7DBFC53EC2C
S31500016D701A2BF5F72FFD41EC100B0D9801F0A2FC33
S31500016D8053EC182B51EC100BF5F76EFB41EC180B7D
S31500016D90DBE6159B119A04FB0324149B03FB04F405
S31500016DA0199B1857F5F7ACFC53EC1A2BF5F712FDA6
S31500016DB041EC100B0D9801F085FC53EC182B51ECAE
S31500016DC0100BF5F751FB41EC190BDAF8A030002B4B
S31500016DD000F01183149B03EBD373199A02EB63033F
S31500016DE01857F5F78DFC53EC1A2BF5F7F3FC41EC2C
S31500016DF0100B0D9801F066FC53EC182B51EC100B9F
S31500016E00F5F732FB41EC180B9FE6159B119A04FB33
S31500016E100324149B03FB04F4199B185FF5F770FC1C
S31500016E2053EC1A2BF5F7D6FC41EC100B0D9801F03B
S31500016E3049FC53EC182B51EC100BF5F715FB41EC03
S31500016E40190BDAF8A030002B00F0D582149B03EB66
S31500016E50D373199A02EB6303185FF5F751FC53ECF0
S31500016E601A2BF5F7B7FC41EC100B0D9801F02AFC33
S31500016E7053EC182B51EC100BF5F7F6FA41EC180B05
S31500016E8063E6159B119A04FB0324149B03FB04F48C
S31500016E90199B185BF5F724FC53EC1A2BF5F79AFCB2
S31500016EA041EC100B0D9801F00DFC53EC182B51EC35
S31500016EB0100BF5F7D9FA41EC190BDAF8A030002BD3
S31500016EC000F09982149B03EBD373199A02EB6303C7
S31500016ED0185BF5F705FC53EC1A2BF5F77BFC41EC37
S31500016EE0100B0D9801F0EEFB53EC182B51EC100B27
S31500016EF0F5F7BAFA41EC180B27E6159B119A04FB34
S31500016F000324149B03FB04F4199B1859F5F7F8FBAA
S31500016F1053EC1A2BF5F75EFC41EC100B0D9801F0C2
S31500016F20D1FB53EC182B51EC100BF5F79DFA41EC04
S31500016F30190BDAF8A030002B00F05D82149B03EBED
S31500016F40D373199A02EB63031859F5F7D9FB53EC7E
S31500016F501A2BF5F73FFC41EC100B0D9801F0B2FB33
S31500016F6053EC182B51EC100BF5F77EFA41EC180B8C
S31500016F70EBE5159B119A04FB0324149B03FB04F414
S31500016F80199B1859F5F7ACFB53EC1A2BF5F722FCB4
S31500016F9041EC100B0D9801F095FB53EC182B51ECBD
S31500016FA0100BF5F761FA41EC190BDAF8A030002B5A
S31500016FB000F02182149B03EBD373199A02EB63034E
S31500016FC01859F5F78DFB53EC1A2BF5F703FC41EC39
S31500016FD0100B0D9801F076FB53EC182B51EC100BAE
S31500016FE0F5F742FA41EC180BAFE50C9A0E9902FB44
S31500016FF001F5002DB8BF0735ED10159A119904FB5F
S31500017000021403FB04F4199B05FB04348DED048B78
S315000170100D9B02938DED00AB139B0C9A0E992046A6
S31500017020FDF7C2FD41EC190BDAF8A030002B00F098
S31500017030E2818DED048B0D9B02938DED00AB139BCD
S315000170400C9A0E996019FDF7AFFD41EC180B7CE522
S31500017050109B012B1ED90022002351EC180BF5F7CA
S3150001706003FA41EC190B002E00F0C5810022002322
S3150001707051EC180BF5F7F8F941EC180B042F6CD00D
S315000170800CD8012F3BD017B3022F4ED0032F00F09F
S31500017090C6812CE0AE4B93ED009BE4E7062F00F092
S315000170A0888070D3072F00F09A80082F00F0DA81CC
S315000170B01DE0062F7DD066D3072F00F09080082FA4
S315000170C000F0D0810EE0B0EE4B8AF0EE6B8A079BA2
S315000170D083ED009BDAF8A030002B3FF4BAAC0B9B92
S315000170E083ED008BDAF8A030002B3FF4B2AC0B9B9A
S315000170F04B440B93ADE4B0EE4B8AF0EE6B8A51EC48
S31500017100190BF5F75FFE079B1860DAF8A030002B24
S315000171103FF49FAC51EC180BF5F754FE0B9B18602E
S31500017120E0E7B0EE4B8AF0EE6B8AC9F1000451EC50
S31500017130190BF5F7FFFD08F80400DAF8A030002B6B
S315000171403FF487AC51EC180BF5F7F4FD0B9B187067
S31500017150C8E7B0EE4B8AF0EE6B8A51EC190BF5F7E6
S31500017160E9FD079B1880DAF8A030002B3FF471ACDB
S3150001717051EC180BF5F7DEFD0B9B1880B2E7B0EE6C
S315000171804B8AF0EE6B8A51EC190BF5F7FBFD079B69
S315000171901880DAF8A030002B3FF45BAC51EC180BE9
S315000171A0F5F7F0FD0B9B18809CE7B0EE4B8AF0EEED
S315000171B06B8A51EC190BF5F7BDFD079B1860DAF8E0
S315000171C0A030002B3FF445AC51EC180BF5F7B2FD9E
S315000171D00B9B186086E7B0EE4B8AF0EE6B8A51EC9A
S315000171E0190BF5F7CFFD079B1860DAF8A030002BD5
S315000171F03FF42FAC51EC180BF5F7C4FD0B9B18604F
S3150001720070E7CB46089B002B3FD0169B002B3CDD3D
S31500017210129BA3F104091D9B0793DDF86C800025E1
S315000172202E46CDF828B01CE0D8F800301878DAF8E8
S31500017230B030DAF8B4402C441F6D07EBC40BF5F7F8
S315000172405FFACDE9220122AB03CB47F83400CBF834
S3150001725004100136079B1D4408F10408169BB3422E
S3150001726011D059F8043F022B05D0042B07D0012B6E
S31500017270DAD00020DBE7D8F800301888D7E7D8F84D
S3150001728000301868D3E7DDF828B0DAF8B4300133F6
S31500017290CAF8B430119B01331193159A9A4200F042
S315000172A00381DAF8CC300133CAF8CC30DAF8C810E9
S315000172B093FBF1F201FB1233002BEBD1CAF8CC3070
S315000172C0DAF8B420DAF840309A423FF417AB089B5B
S315000172D0002B3FF458ABDAF8B0309A6C1B92DA6C9B
S315000172E012921E9A002A7FF41DAB5A6C16921B6CE1
S315000172F01D93DAF8D42001231360DAF8D82013603D
S315000173000F9B012B7FF73FAB129B9C461F9A151FC4
S315000173101B980746219A9E1819464FF00008CDF88A
S315000173201CB0A946FFF71ABBDAF8D0502C680F9BA0
S31500017330012B10DD2B1DDAF8D8201A990D4453F8CC
S31500017340041B52F8040F00FB0144AB42F7D102E0E3
S31500017350208AFF1F5C46DAF86830002B3FF49AABAF
S3150001736001230A93DAF87050DAF8A060002E3FF490
S31500017370C5ABE8B2FDF7EFF914909AF86C70DAF83C
S3150001738074300E93DAF878300C93DAF87C30139374
S315000173909AED20ABDAF888300D939AED248B02230F
S315000173A00A9A002A3FF454AE0C9A012A7FF7E8ABF9
S315000173B00E9902FB01F5002DB8BF0735ED10159AA0
S315000173C0119904FB021403FB04F4199B05FB043415
S315000173D08DED048B0D9B02938DED00AB139B0C9AE7
S315000173E00E992046FDF7E0FB41EC190BDAF8A030C7
S315000173F0002B7FF49CAB042F3FF4ABAE23D8012FB7
S315000174003FF479AE002F3FF45EAE022F3FF489AE12
S31500017410032F7FF41EABB0EE4B8AF0EE6B8AC9F1F7
S31500017420000451EC190BF5F7ADFC08F80400DAF885
S31500017430A030002B3FF40DAB51EC180BF5F7A2FC75
S315000174400B9B18704EE6062F3FF4AFAEFFF497AED6
S31500017450072F3FF4C0AE082F7FF4FBAAB0EE4B8A8C
S31500017460F0EE6B8AC9F100054FF0010400220023FA
S3150001747051EC190BF5F716FC08B14FF0000408F8AA
S315000174800540DAF8A030002B3FF4E3AA4FF00104DF
S315000174900022002351EC180BF5F704FC08B14FF05C
S315000174A000040B9B1C701DE625B0BDEC088BBDE8E6
S315000174B0F08F00BF10B5426ED0F8A030002B14BF7C
S315000174C002230123846E4CB1806F02FB01F103FBA1
S315000174D001F100FB01F000F0F1FC10BD0120F4E721
S315000174E02DE9F04115461F469DF81880B1F1FF3F81
S315000174F016D0836A53F82140436853F82110A4B18A
S315000175002846FFF7D7FF06463946A0474246314689
S315000175102846FFF7A9F9304600F0D8FCBDE8F0810E
S31500017520836A1C6843681968E9E742463946284672
S31500017530FFF79AF9BDE8F0812DE9F04FAFB00546A6
S31500017540059114460668C768436B0493036B03935E
S31500017550306800B17ABB002F66D1706878B3D5F870
S315000175600490039AD2F804801768D2F828A09CBB2D
S31500017570306950B1CDF800A03B4642464946FDF779
S315000175809FFB0346002840F0B080D6F80CB0BBF153
S31500017590000F00F01D81002C00F01C81D6F808A018
S315000175A0AF68BAF1000F40F31781043F00252C465E
S315000175B04FF04C081EE00022FFF756F9CBE733697E
S315000175C0002BE2D0D5F80490039AD2F8048017680C
S315000175D0D2F828A03069CDE7CDF800A03B46424657
S315000175E04946FDF76DFB034600287ED1C0E701340D
S315000175F0A24517D057F8046F002EF8D05BF82590F6
S315000176004246049B08FB053108A800F091FE0023C1
S31500017610009333464A464FF0FF3108A8FFF760FF53
S315000176200135E4E7002360E07368002B37D0002CB6
S3150001763039D09F6DD3F854906C6893F8442042BBBF
S31500017640B9F1000F11DDA4F104080024A24658F88F
S31500017650043FCDF800A03A4621460398FFF740FFC4
S31500017660D7F8DC700134A145F1D1F268DAB1B3681B
S315000176700693D5F808B0012B3BD0002B13DD136818
S315000176808BB1DDF810900024A0469246049607952A
S3150001769084E000220599986CFFF7E6F8D0E7F268D6
S315000176A00AB1002CE3D13369002B00F097809E6D5F
S315000176B05F6D93F84420002A40F08480002F40F348
S315000176C08F800024A046DDF80C906B6853F82430B7
S315000176D0CDF80080324621464846FFF701FFD6F82D
S315000176E0DC600134A742F0D1002318462FB0BDE873
S315000176F0F08F1368D3F858805C6DDF6F93F84420E0
S315000177004AB9002CCFDDBA4607EB040900242B4603
S315000177104546984616E000220599986CFFF7A4F8AD
S31500017720EFE7013452F8043F002BFAD017F8012B8A
S3150001773000922A460498FFF7D3FE0134D5F8DC50AF
S315000177404F453AD0A7EB0A010BEB84025BF82430D4
S31500017750002BE6D0EAE70BEB84035BF8245025B94E
S31500017760013453F8045F002DFAD03F784C22494684
S315000177701BA800F0DDFD00972B4632464FF0FF3186
S315000177801BA8FFF7ADFE013408F10108069B43452E
S3150001779015D05AF8043F09F14C095BB19E6DDF6FB4
S315000177A093F84420002AD6D000220599986CFFF759
S315000177B05BF8D0E7049E079D75E7454673E7049E8F
S315000177C0079D70E700220599986CFFF74DF875E75C
S315000177D000238AE7002388E7002386E7002384E75E
S315000177E0002382E708B50122FFF7A6FE08BD0000C7
S315000177F0024B0A460146186800F002B82C8AFF1FA0
S3150001780010B5514300F06AFB044698B150F8042CB8
S3150001781022F00302043A242A1BD8132A17D900217D
S315000178201B2A0160416007D800F1080300221A6093
S315000178305A609A60204610BD242A8160C16011BF3A
S3150001784000F11003016100F118034161EEE70346FF
S31500017850ECE7002100F094FDECE7000008B50021FB
S31500017860044603F04DFF044B1868C36B03B19847F8
S31500017870204607F02BFA00BF2848020070B50546DE
S315000178800C4611B90026304670BD18B1836B0BB991
S3150001789000F0FCF8B4F90C30002BF3D02146284651
S315000178A000F026F8E36A064633B1E16928469847AF
S315000178B00028B8BF4FF0FF36A3891B0603D52169FF
S315000178C0284600F067F9216B41B104F14003994262
S315000178D002D0284600F05EF900232363616C21B1D2
S315000178E0284600F057F9002363640023A381CAE701
S315000178F0B1F90C2093B22DE9F041054618070C4663
S3150001790061D44B6842F40062002B8A8105DCCB6BA3
S31500017910002B02DC0020BDE8F081A66A002EF9D01A
S31500017920002312F480522F682B6037D0206DA38973
S315000179305A0705D56368C01A236B0BB1E36BC01AEE
S3150001794000230246A66AE1692846B047431CA3897B
S3150001795006D129681D294FD82D4ACA40D6074BD5CD
S3150001796023F400631BB200226260D9042269A38159
S31500017970226004D5421C01D12B6803B92065216B15
S315000179802F600029C6D004F14003994202D028464F
S3150001799000F000F900202063BDE8F081E1690123D0
S315000179A02846B047411CC2D12B68002BBFD01D2BE6
S315000179B001D0162B01D12F60ACE7A38943F0400318
S315000179C0A381BDE8F0810F69002FA3D09B070E6844
S315000179D008BF4B690F6018BF0023A6EB07088B6031
S315000179E0B8F1000F96DD43463A46E169666A2846D4
S315000179F0B047002807DCA38943F04003A3814FF079
S31500017A00FF30BDE8F0810744A8EB0008E8E700BFB6
S31500017A100100402038B50D46044618B1836B0BB9F9
S31500017A2000F034F8B5F90C0028B129462046BDE826
S31500017A303840FFF75DBF38BD002310B5044603602B
S31500017A404360836081810366C2810361436183610F
S31500017A5019460822583000F093FC054B2362054B6A
S31500017A606362054BA362054BE461E36210BD00BF8F
S31500017A70398901005F89010097890100BB890100ED
S31500017A80014900F055B900BF7D780100826B10B540
S31500017A900446D2B90D4BC3630323C0F8E43200F5A3
S31500017AA03B73C0F8E832C0F8E02204214068FFF7D2
S31500017AB0C3FF01220921A068FFF7BEFF022212219E
S31500017AC0E068FFF7B9FF0123A36310BD817A0100C6
S31500017AD00EB403B5014603AB054853F8042B006801
S31500017AE0019302F075FD02B05DF804EB03B0704737
S31500017AF02C8AFF1FF8B5244F0C46064600F048FCB9
S31500017B00BB685D68C4F57E6425F003050F342C441B
S31500017B1024F47F6424F00F04A4F58054B4F5805F47
S31500017B2004DA304600F035FC0020F8BD002130466D
S31500017B3000F0B8FDBB682B449842F2D16142304651
S31500017B4000F0B0FD013010D10021304600F0AAFD51
S31500017B50BA68831A0F2BE4DD0C490968401A0C49EF
S31500017B6043F0010308605360DBE7BB68084A2D1B3D
S31500017B7045F001055D60136830461C1B146000F07A
S31500017B8008FC0120F8BD00BF488EFF1F5092FF1F61
S31500017B905C0F00202DE9F04104468846002900F0DB
S31500017BA0AB8000F0F5FB58F8042C544D22F001008F
S31500017BB0A8F108031F18A9687E688F4226F00306FC
S31500017BC002F001021BD130443AB958F8082C9B1A2D
S31500017BD010449968DA68CA60916040F001025A60FF
S31500017BE0AB60474B1B68984204D3464B2046196845
S31500017BF0FFF780FF2046BDE8F04100F0CABB7E607A
S31500017C00002A39D158F8081C5B1A0844996805F10D
S31500017C10080C614532D0D3F80CC0C1F80CC0CCF8C1
S31500017C200810B9194968C9070AD43044B9683ABB7A
S31500017C30354EB14224D16B612B610122D960996025
S31500017C4040F0010159601850002AD3D1B0F5007FE8
S31500017C501AD2C008811001228A40696801300A439C
S31500017C606A6005EBC00255F830109960083ADA608F
S31500017C7045F83030CB60BDE70022D2E70122D0E7DC
S31500017C80FE68CE60B160DBE7420A042A13D8820996
S31500017C903832511C05EBC20655F831108E4224D1FB
S31500017CA00120921000FA02F2686802436A60DE60FF
S31500017CB09960B360DEE7142A01D85B32E9E7542AFA
S31500017CC002D8020B6E32E4E7B2F5AA7F02D8C20BE4
S31500017CD07732DEE740F254518A429ABF820C7C32F7
S31500017CE07E22D6E789688E4204D04A6822F00302D2
S31500017CF09042F7D3CE68DAE7BDE8F081488EFF1FE0
S31500017D005492FF1F8C0F0020508EFF1F38B5074C71
S31500017D100023054608461146236006F0A1FF431CD1
S31500017D2002D1236803B12B6038BD00BF900F00203C
S31500017D302DE9F8438046894600F53874002614B9C2
S31500017D403046BDE8F883A5686768013F01D5246818
S31500017D50F5E7AB89012B07D9B5F90E30013303D00D
S31500017D6029464046C84706436435EEE72DE9F0410A
S31500017D7086B002FB03F41E4601AB039301231746AB
S31500017D800C9D0191029405940493804618B1836B6E
S31500017D900BB9FFF77BFEB5F90C20930406D42B6EC5
S31500017DA042F4005223F40053AA812B6603AA294602
S31500017DB0404604F045FB18B1059BE41AB4FBF7F6FF
S31500017DC0304606B0BDE8F08107B5009313460A4672
S31500017DD0014603480068FFF7C9FF03B05DF804FBDD
S31500017DE02C8AFF1F70B50E46B1F90E10002996B008
S31500017DF014461D4609DAB389002213F080002A6071
S31500017E0016D14FF48063236015E06A46FFF77EFFC3
S31500017E100028F0DB019A02F47042A2F500535A429F
S31500017E205A414FF480632A604FF40060236002E0F8
S31500017E3040232360104616B070BD00008B8973B5D0
S31500017E409D0706460C4607D504F1430323602361CB
S31500017E500123636102B070BD01AB6A46FFF7C2FF41
S31500017E6000990546304600F039F848B9B4F90C30A6
S31500017E709A05EFD423F0030343F00203A381E3E75A
S31500017E800D4BF363A389206043F08003A381009B1C
S31500017E906361019B20615BB1B4F90E10304604F0B9
S31500017EA01DFC28B1A38923F0030343F00103A38139
S31500017EB0A3891D43A581CDE7817A0100024B0146C5
S31500017EC0186800F00BB800BF2C8AFF1F024B014651
S31500017ED01868FFF75FBE00BF2C8AFF1F2DE9F74F19
S31500017EE001F10B05162D064606D935F0070504D511
S31500017EF00C233360002445E110258D42F8D330462A
S31500017F0000F046FAB5F5FC7FA54F39D205F1080216
S31500017F103A44A2F1080154688C424FEAD50302D1D2
S31500017F20D468A24210D06368E268A16823F0030313
S31500017F30CA60234491605A6842F001025A60304691
S31500017F4000F027FA08341DE10233964A3C6994424F
S31500017F50114675D0606820F00300A0EB050CBCF15A
S31500017F600F0F48DD631945F0010565607B613B61D3
S31500017F70DA609A604CF001025A6044F800C0DEE70C
S31500017F806B0A2AD0042B12D8AB0938335A1C07EBDB
S31500017F90C202A2F108005468844206D0626822F047
S31500017FA00302511B0F291CDD013B0133CDE7142BC5
S31500017FB001D85B33EAE7542B02D82B0B6E33E5E786
S31500017FC0B3F5AA7F02D8EB0B7733DFE740F25452C1
S31500017FD0934204D8AB0C7C33D8E73F23D6E77E2304
S31500017FE0D4E70029E16804DBA368D9608B60A31894
S31500017FF0A1E70C46D0E7BCF1000F7A613A6105DBD7
S315000180002044436843F00103436098E7B0F5007FDD
S315000180104BD2C0084FEAA00C012202FA0CFC7A6886
S3150001802001304CEA02027A6007EBC00257F830C011
S31500018030C4F808C0083AE26047F83040CCF80C4072
S3150001804001209A1000FA02F27868824200F2AC80AE
S31500018050024206D123F003035200024203F1040354
S31500018060FAD007EBC308C1469E46D9F80C404C45E9
S315000180705AD10EF1010E1EF0030F09F10809F4D1D0
S31500018080980740F085807B6823EA02037B60786865
S315000180905200824200F28880002A00F085807346F1
S315000180A00242DED104335200FAE7420A042A17D803
S315000180B08209383202F1010C07EBC20E57F83CC0B7
S315000180C0E64528D10120921000FA02F278681043A1
S315000180D07860C4F80CE0C4F808C0CEF80840ADE7F3
S315000180E0142A01D85B32E5E7542A02D8020B6E3214
S315000180F0E0E7B2F5AA7F02D8C20B7732DAE740F29F
S31500018100545C62459ABF820C7C327E22D2E7DCF84F
S3150001811008C0E64505D0DCF8042022F003029042AF
S31500018120F5D3DCF80CE0D4E76068D4F80CC020F095
S315000181300300A0EB050ABAF10F0F12DDA26863195D
S3150001814045F001056560C2F80CC0CCF808204AF07C
S3150001815001027B613B61D96099605A6044F800A0D5
S31500018160EDE6BAF1000F11DB2044436843F0010349
S31500018170436054F8083F3046C3F80CC0CCF80830C9
S3150001818000F007F9204603B0BDE8F08F64466EE7BC
S3150001819058F80809804503F1FF333FF471AF76E7DC
S315000181A0488EFF1F508EFF1FD7F808A0DAF804404B
S315000181B024F00308454504D8A8EB05030F2B00F36B
S315000181C0A380564A1468564A019211682C4401311B
S315000181D01DBF04F580540F3424F47F64103418BF96
S315000181E024F00F040AEB080321463046009300F001
S315000181F059FAB0F1FF3F83465BD0009B019A834257
S3150001820001D9BA4555D1474801685B45214401600A
S31500018210814614D1C3F30B0088B9BB68444444F0CA
S3150001822001045C60404AD9F8003011688B4288BF6E
S3150001823013603E4A11688B4288BF136039E01068AB
S3150001824001301BBFABEB03035B18C2F800B0C9F8E2
S3150001825000301BF007031ABFC3F1080293441A4604
S315000182605C44121BC2F30B02114630460193009285
S3150001827000F018FA431C9DE80C0004D13BB3A3F1AE
S31500018280080020440022D9F80030C7F808B0A0EB56
S315000182900B001344024442F00102BA45C9F800300A
S315000182A0CBF80420BED0B8F10F0F13D80123CBF8B9
S315000182B00430BB685A6822F003029542A2EB05031B
S315000182C001D80F2B20DC304600F063F812E6204679
S315000182D01A46D8E7DAF80430A8F10C0828F007089E
S315000182E003F0010343EA0803CAF804300AEB080362
S315000182F00522B8F10F0F5A609A6093D90AF1080165
S315000183003046FFF747FC8DE7BC6845F0010225447E
S3150001831043F001036260BD606B6010E68C0F0020C4
S315000183205092FF1F5C0F0020840F0020880F002051
S315000183300A44914200F1FF3300D1704710B511F89C
S31500018340014B03F8014F9142F9D110BD884210B596
S3150001835001EB020303D8421E99420CD110BD98428B
S31500018360F9D28118D21AD34200D110BD13F8014DAA
S3150001837001F8014DF7E711F8014B02F8014FEBE760
S3150001838002440346934200D1704703F8011BF9E703
S3150001839070477047024B0A460146186800F002B85A
S315000183A02C8AFF1F2DE9F74F82460C4629B9114643
S315000183B003B0BDE8F04FFFF791BD0192FFF7E8FF6B
S315000183C0019A54F8045C02F10B08B8F1160FA4F1F6
S315000183D0080925F003060AD938F0070809D50C2340
S315000183E0CAF800300027384603B0BDE8F08F4FF0D9
S315000183F010089045F3D3B04540F34581A84BD3F817
S3150001840008C009EB060161459B464B6805D023F080
S31500018410010008444068C70747D423F003036145B8
S3150001842006EB030719D108F1100087423FDB09EB80
S315000184300803A7EB080747F00107CBF808305F6090
S3150001844054F8043C03F0010343EA080344F8043CEE
S315000184505046FFF79EFF2746C5E7B84527DCCB68A0
S315000184608A68D3609A60A7EB08000F28D9F8043010
S3150001847009EB070240F2098109EB080103F0010348
S3150001848043EA080340F00100C9F804304860536824
S3150001849043F00103536008315046FFF77BFB50461A
S315000184A0FFF777FF09F108079DE700231946E8075B
S315000184B000F1848054F8085CA9EB0505686820F092
S315000184C003003044002976D0614550D1034408F1B8
S315000184D010018B426FDB2F46EA6857F8081FCA6006
S315000184E09160321F242A3BD8132A36D92168A96004
S315000184F06168E9601B2A1CD805F1100204F1080124
S3150001850008681060486850608968916005EB080248
S31500018510A3EB080343F00103CBF8082053606B6813
S3150001852003F0010343EA08036B605046FFF731FF8E
S3150001853059E7A1682961E1686961242A01BF2269B5
S31500018540AA616069E86119BF05F1180204F1100119
S3150001855005F1200204F11801D2E73A462146CFE798
S31500018560214638460193FFF7F1FE019BCEE7C71876
S31500018570B84520DCCB688A68D3609A602846EB68E8
S3150001858050F8082FD3609A60321F242A42D8132A42
S315000185903ED92368AB606368EB601B2A24D805F1DA
S315000185A0100004F108031A6802605A6842609B6869
S315000185B08360A94657E780450746DFDD11465046E9
S315000185C0FFF78CFC07460028AFD054F8043C23F093
S315000185D00103A0F108024B449A421FD150F8047CD2
S315000185E027F0030737443EE7A3682B61E3686B6115
S315000185F0242A01BF2369AB616269EA6119BF05F1EA
S31500018600180004F1100305F1200004F11803CAE76C
S315000186102346C8E72146FFF799FECAE7321F242AF7
S315000186202DD8132A28D923680360636843601B2A5F
S315000186300ED800F1080304F10802116819605168A7
S31500018640596092689A6021465046FFF7A3FA6CE793
S31500018650A3688360E368C360242A01BF23690361B9
S315000186606169416119BF00F1100304F1100200F1C3
S31500018670180304F11802E0E703462246DDE7214626
S31500018680FFF764FEDFE73746EDE603F001031F431C
S31500018690C9F80470536843F001035360FFE600BF55
S315000186A0488EFF1F38B5064C002305460846236051
S315000186B006F0F6FA431C02D1236803B12B6038BDDC
S315000186C0900F002010B52DED028BB0EE408AF0EE32
S315000186D0608A044604F062FCF8B10022002351ECE2
S315000186E0180BF4F7DFFAC0B9B0EE480AF0EE680AE3
S315000186F0204600F071F8B0EE408AF0EE608A04F090
S315000187004DFC30B10022002351EC180BF4F7CAFAE4
S3150001871018B103F08FFE22230360B0EE480AF0EE93
S31500018720680ABDEC028B10BD0CB430B5174B0C1E9C
S315000187309BB01D6808DA8B232B604FF0FF301BB00E
S31500018740BDE8304002B070474FF40273ADF8103007
S3150001875014BF04F1FF332346039306934FF6FF73C9
S3150001876001900590ADF812301E9A1FAB01A928465B
S31500018770009300F05DF9431CBCBF8B232B60002CDA
S31500018780DDD0019B00221A70D9E700BF2C8AFF1F9A
S315000187900EB400B59AB04FF402711BABADF81010D0
S315000187A0019005906FF000410A48039106914FF63A
S315000187B0FF7153F8042BADF812100068009301A95C
S315000187C000F036F9019B00221A701AB05DF804EB2D
S315000187D003B070472C8AFF1F70B555EC104BC5F3DB
S315000187E00A5206462B46A2B925F00043234337D049
S315000187F00022394B294610EE100AF3F7EBFF374AF0
S31500018800964204460D460B4611DA2BA3D3E9002303
S315000188103AE040F2FF718A420CD110EE102A2B4643
S3150001882020462946F3F720FE04460D4618E0C1F31B
S315000188300A52363A324440F2FE718A4208DD002D70
S315000188401FA1D1E900011CDA1FA1D1E9000118E03D
S31500018850002A08DD23F0FF4323F4E00343EA02552F
S3150001886045EC104B70BD12F1350F19DA4CF250334D
S315000188709E4205F000430ADD11A1D1E90001002B5A
S31500018880E2D10FA3D3E90023F3F7A4FFCCE70AA1B2
S31500018890D1E90001002BB8D00DA1D1E90001B4E75F
S315000188A023F0FF43363223F4E00343EA0255204620
S315000188B0294600220A4BE7E759F3F8C21F6EA501C4
S315000188C09C7500883CE4377E9C7500883CE437FE45
S315000188D059F3F8C21F6EA58100005043B03CFFFF5B
S315000188E00000903C0EB430B59AB01DAC4FF4017245
S315000188F054F8045BADF8102001900590F4F748FC9C
S315000189000B4B0290069009930A48009400230D939D
S3150001891012934FF6FF73ADF812302A46234601A98A
S31500018920006801F05FF81AB0BDE8304003B0704747
S315000189305B8901002C8AFF1F10B50C46B1F90E1098
S3150001894004F0EAFA0028ABBF236DA3891B1823F4B0
S315000189508053ACBF2365A38110BD002070472DE96C
S31500018960F0411F468B89DB0505460C46164605D5A3
S3150001897002230022B1F90E1003F0CEFEA389B4F949
S315000189800E1023F48053A38132463B462846BDE8A8
S31500018990F04102F04BBE10B50C46B1F90E1003F0D2
S315000189A0BBFE431CA38915BF206523F4805343F402
S315000189B08053A38118BFA38110BDB1F90E1002F037
S315000189C0EBBEC9B2034610F8012B1AB19142F9D197
S315000189D01846704700290CBF18460020704730B56D
S315000189E003461C785D1C44B912F1FF3204D311F819
S315000189F0014B03F8014B14B930BD2B46F1E7002AB0
S31500018A00F2D11A70F0E770B5044602B970BD23467B
S31500018A1011F8015B03F8015B561E1DB91444A3420C
S31500018A2003D170BD1C463246EFE703F8015BF6E75A
S31500018A302DE9F04FBDB08A4615461F46834603F021
S31500018A4061FE03680D931846F4F7A2FBBAF80C30E1
S31500018A5008901B0618D5DAF81030ABB940215846F4
S31500018A60FFF73CFACAF80000CAF8100048B90C230F
S31500018A70CBF800304FF0FF33099309983DB0BDE8BC
S31500018A80F08F4023CAF814309FED997B8DED067B5C
S31500018A9000232CAC1F9421932093059503931193E6
S31500018AA010930993059D2B4613F8012B12B1252A24
S31500018AB040F08380059BEE1A0DD084E84800219B87
S31500018AC033442193209B0133072B209377DC083411
S31500018AD0099B334409932B78002B00F02987002347
S31500018AE0691C8DF85F301A464FF0FF390A931D460F
S31500018AF00A204E1C097805960291029920395829B7
S31500018B0000F21884DFE811F0A60016041604AB0083
S31500018B10160416041604160416041604AE0065009F
S31500018B201604B700BA001604D700DA00DA00DA0034
S31500018B30DA00DA00DA00DA00DA00DA0016041604DE
S31500018B40160416041604160416041604160416044E
S31500018B5015012B0116042B0116041604160416041E
S31500018B60ED00160416044003160416041604160432
S31500018B701604A80316041604860016041604160421
S31500018B801604160416041604160416041604070120
S31500018B906B002B012B012B01F0006B001604160450
S31500018BA0FA00160422034203760301011604870321
S31500018BB01604AA0316041604C2031D4673E71FAA68
S31500018BC05146584605F042FA002840F092862CACF0
S31500018BD07EE701232B2205998BE70F46FBE70BB1B5
S31500018BE08DF85F20AE0640F1AA80073727F0070708
S31500018BF007F10803D7E900670493002E77F1000314
S31500018C0006DA76424FF02D0367EB47078DF85F30A2
S31500018C100123CAE20BB18DF85F20374B1193AB06E6
S31500018C2040F13983073727F0070707F10803D7E92A
S31500018C3000670493E8070BD556EA070308D03023EB
S31500018C408DF860309DF808308DF8613045F00205E9
S31500018C500223A7E2002ABED101232022BBE745F069
S31500018C600105B8E73E680A96002E07F10401B4DA59
S31500018C7076420A960F4645F00405ACE705994E1C67
S31500018C80097802912A2910D04FF000090596029918
S31500018C90303909293FF631AF00FB091905990E460E
S31500018CA016F8011B02910596F1E73968059641EA26
S31500018CB0E17904378FE745F080058CE700210A91B9
S31500018CC002990A9E303900FB06110A9105990E4652
S31500018CD016F8011B02910299059630390929EFD937
S31500018CE00BE745F0080576E745F0400573E700BF59
S31500018CF000000000000000003C48020005990978C8
S31500018D006C2905D105990131059145F0200562E7E8
S31500018D1045F010055FE73B1D049300263B688DF87F
S31500018D2088308DF85F604FF0010937460DF18808EC
S31500018D301BE10BB18DF85F2045F0100552E715F0E8
S31500018D40100F07F1040303D03E680493F71754E7A5
S31500018D503E68049315F0400F18BF36B2F6E70BB123
S31500018D608DF85F20073727F0070707F108030493FB
S31500018D7097ED007B8DED067B069B1293079B23F0F7
S31500018D80004313934FF0FF324A4BDDE91201F3F72B
S31500018D90BBFF002840F0D5854FF0FF32454BDDE99A
S31500018DA01201F3F793FF002840F0CB850022002340
S31500018DB0DDE90601F3F780FF10B12D238DF85F3051
S31500018DC03D4B3E4A029925F080054729CCBF904686
S31500018DD098464FF0030900263746C6E0B9F1FF3F32
S31500018DE022D0029B23F02003472B04D1B9F1000FB7
S31500018DF008BF4FF0010945F480730C93079B002BC4
S31500018E0015DA069B0E93079B03F100430F932D235F
S31500018E100B93029B23F02007462F0ED0452F46D1F8
S31500018E2009F1010602210AE04FF00609E3E79DED8B
S31500018E30067B00238DED0E7BEAE74E4603211DAB33
S31500018E4001931AAB0093324619AB9DED0E0B5846B2
S31500018E5002F03EFD472F804602D1E80740F18485A6
S31500018E6008EB0603462F039311D198F80030302BF7
S31500018E7009D100220023DDE90E01F3F713FF10B932
S31500018E80C6F101061996039A199B1A440392002208
S31500018E900023DDE90E01F3F705FF88B930221D9B9A
S31500018EA0039999420ED9591C1D911A70F7E74E463E
S31500018EB0B8E700BFFFFFEF7F2C48020030480200F1
S31500018EC0039B1D931D9B472FA3EB0803039340F0C0
S31500018ED0FA80199BD91C02DB994580F22081029BFD
S31500018EE0023B0293199A9DF808108DF86C10531ED7
S31500018EF0002B1993B6BFC2F101032B222D22092B98
S31500018F008DF86D2040F3FB800DF17B020A2693FB61
S31500018F10F6F006FB10333033092802F8013C02F162
S31500018F20FF31034600F3E480303301F8013C023A95
S31500018F300DF16E030DF17B0082421946C0F0DA8015
S31500018F40039A1BABCB1A012A109303EB020902DC2D
S31500018F5015F0010702D0089B002799440B9B13B11A
S31500018F602D238DF85F300C9D00264E453346B8BF44
S31500018F704B460B939DF85F3013B10B9B01330B935B
S31500018F8015F0020314931EBF0B9B02330B9315F0CE
S31500018F908403159318D10A9B0B9A9B1A002B0C93E9
S31500018FA012DD0C9B102BA94B236000F3D5810C9B82
S31500018FB063600C9A219B13442193209B0133072B59
S31500018FC0209300F3E28108349DF85F3073B10DF10F
S31500018FD05F03236001236360219B01332193209B5F
S31500018FE00133072B209300F3DA810834149B6BB10C
S31500018FF018AB236002236360219B02332193209BDC
S315000190000133072B209300F3D4810834159B802B61
S3150001901014D10A9B0B9A9B1A002B0FDD8C4A2260F6
S31500019020102B00F3D081219A636013442193209B76
S315000190300133072B209300F3DF810834A6EB0906E1
S31500019040002E0FDD824B2360102E00F3DF81209B63
S315000190502198666001330644072B2196209300F37D
S31500019060EC810834EB0500F1F281219B84E80003D1
S315000190704B442193209B0133072B209340F3198402
S315000190801FAA5146584604F0E1FF002840F03184FA
S315000190902CAC6B0700F11084099B0A9A0B998A4242
S315000190A0ACBF9B185B180993219B3BB11FAA514684
S315000190B0584604F0CBFF002840F01B840023209380
S315000190C0049F2CACEEE4029B652B7FF70BAF029B52
S315000190D0662B24D1199B002B19DDB9F1000F01D1A3
S315000190E0EA0702D5089A13444B44199F994635E776
S315000190F00A460CE712F8011B03F8011B1CE7302294
S3150001910013448DF86E208DF86F301CA918E7B9F15C
S31500019110000F01D1EB0715D5089B0133E4E7199A36
S31500019120039B9A4206DBEF070ED5089B1344672281
S315000191300292DAE7039B0899002A0B44F7DCC2F195
S315000191400102F3E70123D0E71346F0E70BB18DF8EF
S315000191505F2015F0200F07F1040308D009993A683A
S31500019160CE1708463146C2E900011F469AE4EE06CB
S3150001917003D53A6809991160F7E76806F9D53A689F
S31500019180BDF824101180F0E745F0100515F0200315
S3150001919022D0073727F0070707F10803D7E9006749
S315000191A00493002300228DF85F20B9F1FF3F00F000
S315000191B0E18325F080020B9256EA070240F0DF8335
S315000191C0B9F1000F00F0AA80012B76D0022B00F036
S315000191D0918000260027D8E33A1D15F0100104926C
S315000191E002D03E680027DDE715F04003F9D03E883E
S315000191F00027D6E73B1D0493302378228DF8603093
S31500019200144B3E681193002745F002058DF8612045
S3150001921002230292C6E73B1D0026B9F1FF3F0493E4
S31500019220D7F800808DF85F600AD04A46314640463D
S31500019230F3F7B6FF002800F08D80A0EB0809CBE517
S315000192404046F3F7A5FF8146C6E500BF6048020028
S31500019250704802004D48020045F01005A90609D5DF
S31500019260073727F0070707F10803D7E900670493D3
S31500019270012397E73B1D15F0100F049301D03E68BB
S3150001928002E06A06FBD53E880027F1E70BB18DF8AF
S315000192905F20A34BC2E43B1D15F0100F049301D0D0
S315000192A03E6802E06E06FBD53E880027C2E44346CF
S315000192B06CE3002F08BF0A2E05D20DF1F0083036F7
S315000192C008F8416D7DE30DF1B008304639460A22B2
S315000192D00023F3F7C7FD303208F8012D002330468D
S315000192E039460A22F3F7BEFD06460F4656EA07033C
S315000192F0EBD166E3002600270DF1B00806F00F0357
S31500019300119AD35C08F8013D330943EA07733A0918
S315000193101E46174656EA0703F0D152E33BB9EA0760
S3150001932005D50DF1F008302308F8413D49E30DF16B
S31500019330B00846E30BB18DF85F20029B002B00F0CD
S31500019340F7829DF808308DF8883000268DF85F6029
S315000193500497E8E406463FE510236360219B10333A
S315000193602193209B0133072B209304DC08340C9BAB
S31500019370103B0C9315E61FAA5146584604F066FEAB
S31500019380002840F0B6822CACF1E71FAA5146584698
S3150001939004F05CFE002840F0AC822CAC14E61FAA57
S315000193A05146584604F052FE002840F0A2822CACE9
S315000193B01CE61FAA5146584604F048FE002840F014
S315000193C098822CAC22E610226260219A10322192F8
S315000193D0209A0132072A209202DC0834103B1DE64E
S315000193E01FAA514658460C9304F030FE002840F05F
S315000193F080822CAC0C9BF1E71FAA5146584604F01B
S3150001940025FE002840F075822CAC17E61023636018
S31500019410219B10332193209B0133072B209302DCE0
S315000194200834103E0EE61FAA5146584604F00EFEB9
S31500019430002840F05E822CACF3E71FAA514658463D
S3150001944004F004FE002840F054822CAC0AE6029B8C
S31500019450652B40F3A98100220023DDE90601F3F71C
S3150001946021FC002862D02F4B236001236360219BDE
S3150001947001332193209B0133072B209325DC0834EC
S31500019480199B039A934202DBEE077FF502AE0D9B11
S315000194902360089B6360089A219B13442193209BB8
S315000194A00133072B20931ADC0834039B5E1E002E22
S315000194B07FF7EFAD1C4F4FF01008102E276018DC18
S315000194C06660219B1E442196D4E51FAA5146584643
S315000194D004F0BCFD002840F00C822CACD0E71FAA9A
S315000194E05146584604F0B2FD002840F002822CACE9
S315000194F0DBE7219BC4F8048010332193209B0133C1
S31500019500072B209302DC0834103ED6E71FAA5146EA
S31500019510584604F09BFD002840F0EB812CACF3E7A4
S315000195204D4802005E48020070480200199B002B5C
S315000195307ADC9B4B236001236360219B01332193DA
S31500019540209B0133072B209344DC0834199B23B954
S31500019550039B13B9E8077FF59CAD0D9B2360089B20
S315000195606360089A219B13442193209B0133072BA7
S31500019570209339DC04F10803199E002E19DA894F6C
S3150001958076421024102E1F6038DC219A5E60164444
S31500019590209A21960132072A03F10803209208DD59
S315000195A01FAA5146584604F051FD002840F0A181FA
S315000195B02CAB039A5A600399219AC3F800800A4496
S315000195C02192209A0132072A20923FF759AD03F1E1
S315000195D008045EE51FAA5146584604F037FD0028E7
S315000195E040F087812CACB1E71FAA5146584604F0DA
S315000195F02DFD002840F07D812CABBDE7219A5C60F2
S3150001960010322192209A0132072A209202DC083375
S31500019610103EB7E71FAA5146584604F017FD002829
S3150001962040F067812CABF3E7039BBB42A8BF3B46E7
S31500019630002B1E460BDD6360219BC4F8008033447A
S315000196402193209B0133072B20935FDC0834002EE6
S31500019650ACBFBE1B3E46002E0FDDDFF84891C4F8B5
S315000196600090102E5CDC219B66601E44209B219697
S315000196700133072B20936ADC0834199B039A934222
S3150001968001DBE9070DD50D9B2360089B6360089AF2
S31500019690219B13442193209B0133072B209360DCEC
S315000196A00834039B039ADE1B199BD31A9E42A8BF5B
S315000196B01E46002E0BDD219B666033442193209BC1
S315000196C001334744072B2760209354DC0834199B48
S315000196D0039A002EA2EB0303ACBF9E1B1E46002E6F
S315000196E07FF7D7AC2F4F4FF01008102E27607FF76A
S315000196F0E7AE219BC4F8048010332193209B0133EC
S31500019700072B209341DC0834103EEEE71FAA514691
S31500019710584604F09BFC002840F0EB802CAC96E701
S3150001972010236360219B10332193209B0133072B68
S31500019730209302DC0834103E91E71FAA5146584691
S3150001974004F084FC002840F0D4802CACF3E71FAA77
S315000197505146584604F07AFC002840F0CA802CACE9
S315000197608BE71FAA5146584604F070FC002840F0CA
S31500019770C0802CAC95E71FAA5146584604F066FCFA
S31500019780002840F0B6802CACA1E71FAA51465846E6
S3150001979004F05CFC002840F0AC802CACB4E700BFC0
S315000197A05E48020070480200039B012B01DCEA07B8
S315000197B076D501236360219BC4F800800133219390
S315000197C0209B0133072B209336DC08340D9B236045
S315000197D0089B6360089A219B13442193209B0133C4
S315000197E0072B209331DC083400230022DDE9060132
S315000197F0F3F758FA039B5E1E00282FD108F10103E7
S3150001980084E84800219B039A013B13442193209B42
S315000198100133072B20934ADD1FAA5146584604F00F
S3150001982015FC002865D12CAC1BAB2360109B636033
S31500019830109A219B13441CE41FAA5146584604F072
S3150001984005FC002855D12CACC0E71FAA5146584645
S3150001985004F0FCFB00284CD12CACC5E7002EE3DD5F
S315000198605C4F4FF01008102E276004DC219B6660C8
S315000198701E442196CBE7219BC4F804801033219323
S31500019880209B0133072B209302DC0834103EEAE7C4
S315000198901FAA5146584604F0D9FB50BB2CACF5E73C
S315000198A001236360219BC4F800800133AEE70834CD
S315000198B0BAE70834FFF7EDBB0A9B0B9A9D1A002DF8
S315000198C07FF7EAAB1026444B2360102D1BDC219B4E
S315000198D065601D44209B21950133072B20937FF75B
S315000198E0DBAB1FAA5146584604F0B0FB00283FF4F3
S315000198F0D3ABBAF80C3013F0400F099B18BF4FF0E9
S31500019900FF33FFF7B9B8219B666010332193209B83
S315000199100133072B209302DC0834103DD3E71FAA3D
S315000199205146584604F092FB0028E2D12CACF4E7EC
S31500019930219B002BDDD01FAA5146584604F086FB19
S31500019940D7E7DDE9062310461946F3F7DDF90028C6
S315000199503FF444AA079B214A002BBCBF2D238DF857
S315000199605F301F4BFFF72EBA1D9BA3EB0803039332
S31500019970FFF7AFBA56EA07020B953FF425AC012B68
S315000199803FF497AC022B3FF4B7AC2CABF10841EA9C
S315000199904771F80806F0070207460E46303256EAC6
S315000199A0070103F1FF3803F8012C7FF480AC0B9912
S315000199B0C90706D5302A04D0302208F8012CA3F1B4
S315000199C002084E460DF1B009A9EB08090B9D0027C7
S315000199D0FFF7CBBA7048020060480200384802001F
S315000199E0344802002DE9F04F9846B1F90C30ADF537
S315000199F02D7D9E0402900D4606D443F400538B81BF
S31500019A000B6E23F400530B6600230792069305930E
S31500019A1004939B460393079A12F8013B07920F930F
S31500019A20002B38D0994A9F5C17F0080717D06B684E
S31500019A30002B0DDD2B6895491A788A5C1407EAD547
S31500019A406A680133013A0BF1010B6A602B60EEE79C
S31500019A502946029804F0B1FB0028EBD0DBE7252B61
S31500019A6040F08180079A3C463E460A21079B013316
S31500019A7007931378632B00F0CD8036D8452B3BD066
S31500019A8019D8392B0CD8302B80F0B180252B6AD010
S31500019A902A2B00F08D8003980DF52D7DBDE8F08F02
S31500019AA0442BF8D144F00104794B06930A2304931D
S31500019AB04FF0030922E04F2B00F0A18006D8472B77
S31500019AC01AD04C2BE7D12207E5D184E0582B00F0C0
S31500019AD09B805B2BDFD1079914A803F02FFA44F082
S31500019AE0400407904FF0010908E06C2B6BD026D893
S31500019AF0672B1CD8652BD7D34FF004096B68002B55
S31500019B0040F3AA80600606D42B6860491A78525C35
S31500019B10110700F1A98009F1FF39B9F1030F00F22C
S31500019B20BB80DFE819F04E012202EA02AE03682B80
S31500019B3057D0692BAFD1564B06930023B7E7702B4D
S31500019B406DD007D86E2B6DD06F2BA4D1514B0693D8
S31500019B500823ACE7752B55D0782B55D0732B9AD1AA
S31500019B604FF00209CAE76B68002B0EDD2B68079AD6
S31500019B70197812F8012C91428DD16A680133013AA4
S31500019B806A602B600BF1010B45E72946029804F048
S31500019B9014FB0028EAD0039B002B00F00E85AB894D
S31500019BA013F0400F039B18BF4FF0FF33039372E787
S31500019BB014F09F0F7FF46FAF002E7FF46CAF44F06B
S31500019BC01004079A52E720077FF465AF53786C2B90
S31500019BD004D1931C079344F00204F2E744F0010414
S31500019BE0EFE723077FF457AF44F00404E9E714F0E5
S31500019BF08F0F7FF450AF01FB0636303EE1E744F0AC
S31500019C000104A3E7234B50E744F40074214B069368
S31500019C1010234CE744F040044FF000096EE744F48A
S31500019C200874F3E7E7063FF5F6AE14F0040FD8F82B
S31500019C30002008F1040303D0A2F800B09846EAE632
S31500019C40E60702D5C2F800B0F8E7A407FAD55846E8
S31500019C50C117C2E90001F1E72946029804F0ADFAFD
S31500019C6000283FF44FAF96E76A68013A002A0BF1E4
S31500019C70010B6A6002DD01332B6045E72946029834
S31500019C8004F09BFA00283FF43FAF84E7C94802007D
S31500019C9019DE010049E00100002E08BF012614F07B
S31500019CA0010304F010045ED0002C43D1D8F80090D3
S31500019CB008F1040800230DF1480A002E4BD0089341
S31500019CC002F024FD089B83423FF465AF2A6854A83D
S31500019CD012F8011BC1545F1C6B68013B85E80C003F
S31500019CE0059B032B03D1DAF80030042B04D008229C
S31500019CF000215046FEF744FB54AACDF800A03B468E
S31500019D004946029802F01AFD421C05903FF443AF02
S31500019D1098B90CB9C9F80040059B032BBB4403D184
S31500019D20DAF80030042B00D0013E0CB909F1040920
S31500019D30002705E04FF00009BCE7059B0233EBD194
S31500019D406B68002B0DDC2946029804F036FA40B107
S31500019D50002F7FF420AF002C7FF45DAE039B01330F
S31500019D6058E63B46A9E7CCB11C466B682A68B34264
S31500019D700EDA1C44F61A13442B602946029804F0A5
S31500019D801CFA0028F1D0002C3FF405AFA34442E6AB
S31500019D909B1B344416446B602E60F7E700953346EF
S31500019DA00122D8F80010029808F1040404F022FAFE
S31500019DB000283FF4F0AE039B013383440393A0468E
S31500019DC029E6002E08BF4FF0FF3614F0010704F014
S31500019DD0100400F08280002C54D1D8F800A008F1BC
S31500019DE004080027002E47D002F090FC87423FF47A
S31500019DF0D2AE2B6854A913F8012BCA552B606A6899
S31500019E00059B013A032B07F101096A6002D1109BF8
S31500019E10042B04D00822002110A8FEF7B1FA10ABDA
S31500019E20009354AA4B465146029802F087FC0590CE
S31500019E30034601303FF4AFAE3BBBCAF80030DAF857
S31500019E400070791C11D00822002112A8FEF798FA99
S31500019E503A469B4F0298D7F8E07012AB0EA9B84765
S31500019E6001280CBF9DF83870002714ABDB5D23BBBE
S31500019E7054AEB9F1000F17D1002C7FF4CCADCAF85E
S31500019E8000406BE70DF13C0AABE7059B0233D6D1E7
S31500019E906B68002B1FDC2946029804F08EF9D0B1BD
S31500019EA0B9F1000FE8D076E609F1FF392A4616F82E
S31500019EB00910029804F044F9DBE7059B032BCB4418
S31500019EC002D1109B042B00D0013E0CB90AF1040A01
S31500019ED04FF00009DCE74F4684E7C4B114AC2B68A8
S31500019EE01A78A25C0AB987B9D5E56A680137013AD9
S31500019EF00133BE426A602B6007D0002AEFDC294697
S31500019F00029804F05AF90028E9D0BB4483E5D8F851
S31500019F10004008F1040927460DF150082B681A780C
S31500019F2018F80220B2B16A68013A6A605A1C2A60BE
S31500019F301B7807F8013BF31BDC420BD06B68002B47
S31500019F40ECDC2946029804F038F90028E6D0BC4238
S31500019F503FF421AE3C1B3FF49EAD00233B70039BB7
S31500019F6001330393A344C84655E5002E08BF4FF0BD
S31500019F70FF3614F0010704F0100475D0002C48D107
S31500019F80D8F8007008F1040800230DF1480A2A6880
S31500019F904C491278525C100736D4002E34D00893FF
S31500019FA002F0B4FB089B83423FF4F5AD2A6854A83E
S31500019FB012F8011BC15403F101096B68013B85E8E5
S31500019FC00C00059B032B03D1DAF80030042B04D0D7
S31500019FD0082200215046FEF7D3F954AACDF800A075
S31500019FE04B463946029802F0A9FB421C05903FF404
S31500019FF0D2AD80B93860386802F080FB0346C0B143
S3150001A00054AEB9F1000F0BD1002C7FF404AD3C60C6
S3150001A010A4E60FAFB8E7059B0233ECD14B4614E03B
S3150001A02009F1FF392A4616F80910029804F088F852
S3150001A030E7E7059A032ACB4403D1DAF80020042A7C
S3150001A04000D0013E0CB9043723466A68002A9EDC1B
S3150001A05029460298089304F0B0F8089B002896D088
S3150001A060002B7FF498ADCFE7002C3FD108F1040710
S3150001A070D8F8008044462B6812491A78525C1207B8
S3150001A08014D46A68013A6A605A1C2A601B7804F87B
S3150001A090013B331B18EB030F08D06B68002BEADC7E
S3150001A0A02946029804F089F80028E4D00023237099
S3150001A0B0039BA4EB08040133A3440393B846AAE423
S3150001A0C05892FF1FC94802006A680137013A0133F5
S3150001A0D0BE426A602B603FF418AF002A06DC2946AF
S3150001A0E0029804F06AF800287FF40FAF2B68AF4995
S3150001A0F01A78525C1107E7D507E7731EB3F5AE7FF1
S3150001A10085BF6FF4AE7006EB000A4FF0000A40F20D
S3150001A1105D1644F458644FF0000954AF2A68137869
S3150001A120392B2CD8382B71D2302B44D066D82B2B17
S3150001A13074D02D2B72D0E3050ED554AB9F4207D9AF
S3150001A14017F8011C02982A4603F0FAFF7E1E3746CD
S3150001A15054AB9F423FF49FAC14F0100240F088804C
S3150001A160049B0298069E3A7054A9B04714F0200F3A
S3150001A17008F104035ED0D8F8002010605FE0582B88
S3150001A1800DD006D8A3F141010529D4D804990A298D
S3150001A19042E0612BCFD3662BF8D9782BCBD104F4CF
S3150001A1A0C061B1F5007FC6D124F40074102144F4D6
S3150001A1B0A06404910BE0210509D5049919B9082178
S3150001A1C044F400740491600504D524F4B0643B7032
S3150001A1D0013709E024F46074BAF1000F02D00AF1E4
S3150001A1E0FF3A013609F101096B68013B002B6B60EF
S3150001A1F019DD01322A60013E90D19CE704986C4931
S3150001A20031F91010049124F43864E0E704986849A0
S3150001A21031F9101004910829F5DC8CE721068AD55D
S3150001A22024F08004D3E72946029803F0C6FF0028EC
S3150001A230E1D080E7660704D5D8F80020108098465B
S3150001A24013E014F0010296D1A10794D5594B069952
S3150001A25002989942049B54A910D103F07DFED8F8C7
S3150001A2600030C3E9000108F10408039B013303939D
S3150001A27054ABFF1AB944CB44FFF7CDBB03F050FDF5
S3150001A280EDE7029802F03EFA03680B93731EB3F5ED
S3150001A290AE7F4FF0000285BF6FF4AE7C06EB0C0378
S3150001A2A0002340F25D1644F4F0640A920992924644
S3150001A2B008920DF5A879D5F800E09EF800104E2910
S3150001A2C000F09C803AD839290ED8312980F08D804A
S3150001A2D02D2903D030296FD02B290BD1200640F12F
S3150001A2E0A58024F0800484E0452938D010D841297E
S3150001A2F000F09A800B9890F800C08C4540F096804B
S3150001A300A00540F1938024F42074CDF820A070E0DC
S3150001A310462900F0A2804929ECD1002F40F099800E
S3150001A320BAF1000F40F0858004F4E06CBCF5E06FF3
S3150001A33040F0818024F4F06401275AE0662900F098
S3150001A3408C8026D859292DD005D85429D2D1062F4B
S3150001A3506CD107274DE0612966D06529CAD104F47D
S3150001A360A06CBCF5806F04D060055FD5BAF1000F13
S3150001A37061D0A0055EBF0898CDF82890AAEB000031
S3150001A38024F4F06458BF099044F4C0744FF0000AF5
S3150001A3902FE06E2932D001D86929BDE77429D6D0BC
S3150001A3A07929A7D1072F41D1082722E0C948020000
S3150001A3B08648020049E00100E00516D524F0800434
S3150001A3C00AF1010A0BB1013B01366968013900291D
S3150001A3D006F1FF360BF1010B696046DD0EF1010056
S3150001A3E02860002E7FF467AF20E0FA421ED124F4E4
S3150001A3F0C07489F8001009F10109E6E75AB9BAF102
S3150001A400000F0AD104F4E06CBCF5E06F05D124F429
S3150001A410F0640122EDE7022A23D0012F01D0042F97
S3150001A42004D10137FFB2E4E7012A1CD0BAF1000FCB
S3150001A43001D024F48074531E012B21D854ACA145BC
S3150001A4407FF629AB2A4619F8011D029803F078FE1A
S3150001A450F5E7032FE5D0052FE2E7022FE6D1032723
S3150001A460C7E70322C5E70222C3E7294602980D92F0
S3150001A4700C9303F0A2FE0C9B0D9A0028B1D0D5E7F0
S3150001A4807B1E062B14D8022F0AD854ACA1457FF6A1
S3150001A49002AB2A4619F8011D029803F051FEF5E7B1
S3150001A4A0033FFFB2A9EB0706B14510D1ABEB070B92
S3150001A4B0E1052DD5620511D554ACA1457FF6EBAA70
S3150001A4C02A4619F8011D029803F03AFEF5E72A46D5
S3150001A4D019F8011D029803F033FEE5E719F8011C8E
S3150001A4E0652909F1FF360BF1FF370BD0452909D054
S3150001A4F02A46029803F024FE19F8021CA9F1020665
S3150001A500ABF102072A46029803F01AFEBB46B14692
S3150001A51014F010027FF47FAA04F4C063B3F5806FD0
S3150001A52089F8002018D1089BAAEB03035A4203BB02
S3150001A530002254A9029803F04BFB14F0010F57ECCB
S3150001A540106B08F104091FD0D8F80030C3E9006781
S3150001A550039B0133039306E5099B002BE8D00A9977
S3150001A56002980A23013103F057FC099BDDF8289074
S3150001A570C21A0DF2A323994528BF0DF2A22911494A
S3150001A5804846FEF705F9D3E7A307DDD410EE102AF6
S3150001A5903B4610EE100A3946D8F80040F2F7B4FBF4
S3150001A5A028B1094802F002FD84ED000AD0E73046E1
S3150001A5B03946F2F707FC2060CAE74FF0FF33FFF791
S3150001A5C0F5BA00BF80480200DF4902000000000022
S3150001A5D02DE9F04FBDB08A4615461C461F468346F7
S3150001A5E002F090F803680D931846F2F7D1FD089032
S3150001A5F0BBF1000F05D0DBF8383013B95846FDF72B
S3150001A60045FABAF90C309A0409D443F40053AAF86E
S3150001A6100C30DAF8603023F40053CAF86030BAF827
S3150001A6200C301B0717D5DAF81030A3B1BAF80C3085
S3150001A63003F01A030A2B18D1BAF90E30002B14DBDA
S3150001A64023462A465146584600F0BAFF0A900A9810
S3150001A6503DB0BDE8F08F5146584600F0F9FF00289D
S3150001A660E4D04FF0FF330A93F1E79FED997B8DED2F
S3150001A670067B00232CAC1F9421932093059503930D
S3150001A680119310930A93059D2B4613F8012B12B1D2
S3150001A690252A40F08380059BEE1A0DD084E84800F8
S3150001A6A0219B33442193209B0133072B209377DC95
S3150001A6B008340A9B33440A932B78002B00F0258734
S3150001A6C00023691C8DF85F301A464FF0FF39099354
S3150001A6D01D460A204E1C09780596029102992039D9
S3150001A6E0582900F21784DFE811F0A60015041504B5
S3150001A6F0AB00150415041504150415041504AE0064
S3150001A70065001504B700BA001504D700DA00DA00AF
S3150001A710DA00DA00DA00DA00DA00DA00DA00150423
S3150001A720150415041504150415041504150415045A
S3150001A730150414012A0115042A011504150415042A
S3150001A7401504ED00150415043F031504150415043D
S3150001A75015041504A703150415048600150415042C
S3150001A760150415041504150415041504150415041A
S3150001A77006016B002A012A012A01F0006B0015046B
S3150001A7801504F9001504210341037503000115049D
S3150001A79086031504A90315041504C1031D4673E7B1
S3150001A7A01FAA5146584603F097FD002840F09186AE
S3150001A7B02CAC7EE701232B2205998BE70F46FBE79D
S3150001A7C00BB18DF85F20AE0640F1A980073727F05F
S3150001A7D0070707F10803D7E900670493002E77F10D
S3150001A7E0000306DA76424FF02D0367EB47078DF833
S3150001A7F05F300123C9E20BB18DF85F20364B11930F
S3150001A800AB0640F13883073727F0070707F108033E
S3150001A810D7E900670493E8070BD556EA070308D082
S3150001A82030238DF860309DF808308DF8613045F0A1
S3150001A83002050223A6E2002ABED101232022BBE79C
S3150001A84045F00105B8E73E680996002E07F10401B7
S3150001A850B4DA764209960F4645F00405ACE7059948
S3150001A8604E1C097802912A2910D04FF0000905964D
S3150001A8700299303909293FF631AF00FB09190599CB
S3150001A8800E4616F8011B02910596F1E73968059601
S3150001A89041EAE17904378FE745F080058CE700212D
S3150001A8A009910299099E303900FB06110991059912
S3150001A8B00E4616F8011B02910299059630390929AF
S3150001A8C0EFD90BE745F0080576E745F0400573E754
S3150001A8D000000000000000003C48020005990978CC
S3150001A8E06C2905D105990131059145F0200563E7EC
S3150001A8F045F0100560E73B1D049300263B688DF883
S3150001A90088308DF85F604FF0010937460DF18808F0
S3150001A9101BE10BB18DF85F2045F0100553E715F0EB
S3150001A920100F07F1040303D03E680493F71755E7A8
S3150001A9303E68049315F0400F18BF36B2F6E70BB127
S3150001A9408DF85F20073727F0070707F108030493FF
S3150001A95097ED007B8DED067B069B1293079B23F0FB
S3150001A960004313934FF0FF324A4BDDE91201F2F730
S3150001A970CBF9002840F0D2854FF0FF32454BDDE997
S3150001A9801201F2F7A3F9002840F0C885002200233E
S3150001A990DDE90601F2F790F910B12D238DF85F304C
S3150001A9A03D4B3E4A029925F080054729CCBF90468A
S3150001A9B098464FF0030900263746C6E0B9F1FF3F36
S3150001A9C022D0029B23F02003472B04D1B9F1000FBB
S3150001A9D008BF4FF0010945F480730C93079B002BC8
S3150001A9E015DA069B0E93079B03F100430F932D2364
S3150001A9F00B93029B23F02007462F0ED0452F46D1FD
S3150001AA0009F1010602210AE04FF00609E3E79DED8F
S3150001AA10067B00238DED0E7BEAE74E4603211DAB37
S3150001AA2001931AAB0093324619AB9DED0E0B5846B6
S3150001AA3000F04EFF472F804602D1E80740F181859D
S3150001AA4008EB0603462F039311D198F80030302BFB
S3150001AA5009D100220023DDE90E01F2F723F910B92D
S3150001AA60C6F101061996039A199B1A44039200220C
S3150001AA700023DDE90E01F2F715F988B930221D9B95
S3150001AA80039999420ED9591C1D911A70F7E74E4642
S3150001AA90B8E700BFFFFFEF7F2C48020030480200F5
S3150001AAA0039B1D931D9B472FA3EB0803039340F0C4
S3150001AAB0FA80199BD91C02DB994580F22081029B01
S3150001AAC0023B0293199A9DF808108DF86C10531EDB
S3150001AAD0002B1993B6BFC2F101032B222D22092B9C
S3150001AAE08DF86D2040F3FB800DF17B020A2693FB66
S3150001AAF0F6F006FB10333033092802F8013C02F167
S3150001AB00FF31034600F3E480303301F8013C023A99
S3150001AB100DF16E030DF17B0082421946C0F0DA8019
S3150001AB20039A1BABCB1A012A109303EB020902DC31
S3150001AB3015F0010702D0089B002799440B9B13B11E
S3150001AB402D238DF85F300C9D00264E453346B8BF48
S3150001AB504B460B939DF85F3013B10B9B01330B935F
S3150001AB6015F0020314931EBF0B9B02330B9315F0D2
S3150001AB708403159318D1099B0B9A9B1A002B0C93EE
S3150001AB8012DD0C9B102BA94B236000F3D5810C9B86
S3150001AB9063600C9A219B13442193209B0133072B5D
S3150001ABA0209300F3E28108349DF85F3073B10DF113
S3150001ABB05F03236001236360219B01332193209B63
S3150001ABC00133072B209300F3DA810834149B6BB110
S3150001ABD018AB236002236360219B02332193209BE0
S3150001ABE00133072B209300F3D4810834159B802B66
S3150001ABF014D1099B0B9A9B1A002B0FDD8C4A2260FC
S3150001AC00102B00F3D081219A636013442193209B7A
S3150001AC100133072B209300F3DF810834A6EB0906E5
S3150001AC20002E0FDD824B2360102E00F3DF81209B67
S3150001AC302198666001330644072B2196209300F381
S3150001AC40EC810834EB0500F1F281219B84E80003D5
S3150001AC504B442193209B0133072B209340F3198406
S3150001AC601FAA5146584603F037FB002840F03184AD
S3150001AC702CAC6A0700F110840A9B099A0B998A4247
S3150001AC80ACBF9B185B180A93219B3BB11FAA514687
S3150001AC90584603F021FB002840F01B840023209333
S3150001ACA0049F2CACEFE4029B652B7FF70BAF029B55
S3150001ACB0662B24D1199B002B19DDB9F1000F01D1A7
S3150001ACC0EA0702D5089A13444B44199F994635E77A
S3150001ACD00A460CE712F8011B03F8011B1CE7302298
S3150001ACE013448DF86E208DF86F301CA918E7B9F161
S3150001ACF0000F01D1EB0715D5089B0133E4E7199A3B
S3150001AD00039B9A4206DBEF070ED5089B1344672285
S3150001AD100292DAE7039B0899002A0B44F7DCC2F199
S3150001AD200102F3E70123D0E71346F0E70BB18DF8F3
S3150001AD305F2015F0200F07F1040308D00A993A683D
S3150001AD40CE1708463146C2E900011F469BE4EE06CE
S3150001AD5003D53A680A991160F7E76806F9D53A68A2
S3150001AD60BDF828101180F0E745F0100515F0200315
S3150001AD7022D0073727F0070707F10803D7E900674D
S3150001AD800493002300228DF85F20B9F1FF3F00F004
S3150001AD90DE8325F080020B9256EA070240F0DC833F
S3150001ADA0B9F1000F00F0AA80012B76D0022B00F03A
S3150001ADB0918000260027D5E33A1D15F01001049273
S3150001ADC002D03E680027DDE715F04003F9D03E8842
S3150001ADD00027D6E73B1D0493302378228DF8603097
S3150001ADE0144B3E681193002745F002058DF861204A
S3150001ADF002230292C6E73B1D0026B9F1FF3F0493E9
S3150001AE00D7F800808DF85F600AD04A463146404641
S3150001AE10F2F7C6F9002800F08D80A0EB0809CBE512
S3150001AE204046F2F7B5F98146C6E500BFA8480200DB
S3150001AE30B84802004D48020045F01005A90609D59B
S3150001AE40073727F0070707F10803D7E900670493D7
S3150001AE50012397E73B1D15F0100F049301D03E68BF
S3150001AE6002E06A06FBD53E880027F1E70BB18DF8B3
S3150001AE705F20A34BC3E43B1D15F0100F049301D0D3
S3150001AE803E6802E06E06FBD53E880027C3E44346D2
S3150001AE9069E3002F08BF0A2E05D20DF1F0083036FE
S3150001AEA008F8416D7AE30DF1B008304639460A22B9
S3150001AEB00023F1F7D7FF303208F8012D0023304681
S3150001AEC039460A22F1F7CEFF06460F4656EA070330
S3150001AED0EBD163E3002600270DF1B00806F00F035E
S3150001AEE0119AD35C08F8013D330943EA07733A091D
S3150001AEF01E46174656EA0703F0D14FE33BB9EA0768
S3150001AF0005D50DF1F008302308F8413D46E30DF172
S3150001AF10B00843E30BB18DF85F20029B002B00F0D4
S3150001AF20F4829DF808308DF8883000268DF85F6030
S3150001AF300497E8E406463FE510236360219B10333E
S3150001AF402193209B0133072B209304DC08340C9BAF
S3150001AF50103B0C9315E61FAA5146584603F0BCF95F
S3150001AF60002840F0B6822CACF1E71FAA514658469C
S3150001AF7003F0B2F9002840F0AC822CAC14E61FAA0B
S3150001AF805146584603F0A8F9002840F0A2822CAC9D
S3150001AF901CE61FAA5146584603F09EF9002840F0C8
S3150001AFA098822CAC22E610226260219A10322192FC
S3150001AFB0209A0132072A209202DC0834103B1DE652
S3150001AFC01FAA514658460C9303F086F9002840F013
S3150001AFD080822CAC0C9BF1E71FAA5146584603F020
S3150001AFE07BF9002840F075822CAC17E610236360CC
S3150001AFF0219B10332193209B0133072B209302DCE5
S3150001B0000834103E0EE61FAA5146584603F064F96D
S3150001B010002840F05E822CACF3E71FAA5146584641
S3150001B02003F05AF9002840F054822CAC0AE6029B40
S3150001B030652B40F3A98100220023DDE90601F1F722
S3150001B04031FE002862D02F4B236001236360219BD0
S3150001B05001332193209B0133072B209325DC0834F0
S3150001B060199B039A934202DBEF077FF502AE0D9B14
S3150001B0702360089B6360089A219B13442193209BBC
S3150001B0800133072B20931ADC0834039B5E1E002E26
S3150001B0907FF7EFAD1C4F4FF01008102E276018DC1C
S3150001B0A06660219B1E442196D4E51FAA5146584647
S3150001B0B003F012F9002840F00C822CACD0E71FAA4D
S3150001B0C05146584603F008F9002840F002822CAC9C
S3150001B0D0DBE7219BC4F8048010332193209B0133C5
S3150001B0E0072B209302DC0834103ED6E71FAA5146EF
S3150001B0F0584603F0F1F8002840F0EB812CACF3E759
S3150001B1004D4802005E480200B8480200199B002B18
S3150001B1107ADC9B4B236001236360219B01332193DE
S3150001B120209B0133072B209344DC0834199B23B958
S3150001B130039B13B9EE077FF59CAD0D9B2360089B1E
S3150001B1406360089A219B13442193209B0133072BAB
S3150001B150209339DC04F10803199E002E19DA894F70
S3150001B16076421024102E1F6038DC219A5E60164448
S3150001B170209A21960132072A03F10803209208DD5D
S3150001B1801FAA5146584603F0A7F8002840F0A181AE
S3150001B1902CAB039A5A600399219AC3F800800A449A
S3150001B1A02192209A0132072A20923FF759AD03F1E5
S3150001B1B008045EE51FAA5146584603F08DF800289B
S3150001B1C040F087812CACB1E71FAA5146584603F0DF
S3150001B1D083F8002840F07D812CABBDE7219A5C60A5
S3150001B1E010322192209A0132072A209202DC08337A
S3150001B1F0103EB7E71FAA5146584603F06DF80028DE
S3150001B20040F067812CABF3E7039BBB42A8BF3B46EB
S3150001B210002B1E460BDD6360219BC4F8008033447E
S3150001B2202193209B0133072B20935FDC0834002EEA
S3150001B230ACBFBE1B3E46002E0FDDDFF84891C4F8B9
S3150001B2400090102E5CDC219B66601E44209B21969B
S3150001B2500133072B20936ADC0834199B039A934226
S3150001B26001DBE8070DD50D9B2360089B6360089AF7
S3150001B270219B13442193209B0133072B209360DCF0
S3150001B2800834039B039ADE1B199BD31A9E42A8BF5F
S3150001B2901E46002E0BDD219B666033442193209BC5
S3150001B2A001334744072B2760209354DC0834199B4C
S3150001B2B0039A002EA2EB0303ACBF9E1B1E46002E73
S3150001B2C07FF7D7AC2F4F4FF01008102E27607FF76E
S3150001B2D0E7AE219BC4F8048010332193209B0133F0
S3150001B2E0072B209341DC0834103EEEE71FAA514696
S3150001B2F0584602F0F1FF002840F0EB802CAC96E7AF
S3150001B30010236360219B10332193209B0133072B6C
S3150001B310209302DC0834103E91E71FAA5146584695
S3150001B32002F0DAFF002840F0D4802CACF3E71FAA24
S3150001B3305146584602F0D0FF002840F0CA802CAC96
S3150001B3408BE71FAA5146584602F0C6FF002840F077
S3150001B350C0802CAC95E71FAA5146584602F0BCFFA7
S3150001B360002840F0B6802CACA1E71FAA51465846EA
S3150001B37002F0B2FF002840F0AC802CACB4E700BF6D
S3150001B3805E480200B8480200039B012B01DCE90775
S3150001B39076D501236360219BC4F800800133219394
S3150001B3A0209B0133072B209336DC08340D9B236049
S3150001B3B0089B6360089A219B13442193209B0133C8
S3150001B3C0072B209331DC083400230022DDE9060136
S3150001B3D0F1F768FC039B5E1E00282FD108F10103DB
S3150001B3E084E84800219B039A013B13442193209B47
S3150001B3F00133072B20934ADD1FAA5146584602F016
S3150001B4006BFF002865D12CAC1BAB2360109B6360DE
S3150001B410109A219B13441CE41FAA5146584602F078
S3150001B4205BFF002855D12CACC0E71FAA51465846F0
S3150001B43002F052FF00284CD12CACC5E7002EE3DD0B
S3150001B4405B4F4FF01008102E276004DC219B6660CD
S3150001B4501E442196CBE7219BC4F804801033219327
S3150001B460209B0133072B209302DC0834103EEAE7C8
S3150001B4701FAA5146584602F02FFF50BB2CACF5E7E8
S3150001B48001236360219BC4F800800133AEE70834D1
S3150001B490BAE70834FFF7EDBB099B0B9A9D1A002DFD
S3150001B4A07FF7EAAB1026434B2360102D18DC219B56
S3150001B4B065601D44209B21950133072B20937FF75F
S3150001B4C0DBAB1FAA5146584602F006FF00283FF49F
S3150001B4D0D3ABBAF80C305B067FF5B9A8FFF7C1B854
S3150001B4E0219B666010332193209B0133072B209308
S3150001B4F002DC0834103DD6E71FAA5146584602F031
S3150001B500EBFE0028E5D12CACF4E7219B002BE0D023
S3150001B5101FAA5146584602F0DFFEDAE7DDE90623A7
S3150001B52010461946F1F7F0FB00283FF447AA079B9E
S3150001B530214A002BBCBF2D238DF85F301F4BFFF72F
S3150001B54031BA1D9BA3EB08030393FFF7B2BA56EA80
S3150001B55007020B953FF428AC012B3FF49AAC022B62
S3150001B5603FF4BAAC2CABF10841EA4771F80806F092
S3150001B570070207460E46303256EA070103F1FF3845
S3150001B58003F8012C7FF483AC0B99C90706D5302A41
S3150001B59004D0302208F8012CA3F102084E460DF121
S3150001B5A0B009A9EB08090B9D0027FFF7CEBA00BF2A
S3150001B5B0B8480200A8480200384802003448020090
S3150001B5C070B50C468989ADF58D6D21F00201ADF896
S3150001B5D01010216E1991E189ADF81210E1690891F7
S3150001B5E0616A0A911AA9019105914FF4806103914B
S3150001B5F006910021079101A90646FEF7E9FF051EFE
S3150001B60007DB01A93046FCF705FA002818BF4FF001
S3150001B610FF35BDF810305B0648BFA389284644BFF5
S3150001B62043F04003A3810DF58D6D70BD38B5074C10
S3150001B630054608461146002222601A4603F03EFBE3
S3150001B640431C02D1236803B12B6038BD900F002043
S3150001B65038B52A4B054618680C4618B1836B0BB9E9
S3150001B660FCF714FAB4F90C309AB2110722D4D006B9
S3150001B67007D409222A6043F04003A3814FF0FF302B
S3150001B68038BD510712D5216B41B104F140039942EE
S3150001B69002D02846FCF77EFA00232363A38923F010
S3150001B6A02403A3810023636023692360A38943F0F4
S3150001B6B00803A38123694BB9A38903F42073B3F566
S3150001B6C0007F03D021462846FCF7B8FBA28912F079
S3150001B6D001030CD00023A36063695B42A361236964
S3150001B6E053B9B4F90C3013F08000C4D138BD9207B8
S3150001B6F058BF6369A360F2E70020F7E72C8AFF1FB2
S3150001B7002DE9F74F234B1B68019380460F464FF0F7
S3150001B710000A019BD3F8485145B16C68661E013495
S3150001B72005EB84044FF00109002E02DA03B0BDE8EF
S3150001B730F08F37B1D4F80021974202D0013E043C84
S3150001B740F2E76968226801398E420CBF6E60C4F85F
S3150001B75000A0002AF2D0D5F88801D5F804B009FA7C
S3150001B76006F1014208D0D5F88C0101420ED1D4F878
S3150001B77080104046904700E090476A685A45C8D114
S3150001B780019BD3F848219542D8D0C2E7D4F880006E
S3150001B7909047F2E72848020038B5064C00230546D3
S3150001B7A00846236003F054FA431C02D1236803B10F
S3150001B7B02B6038BD900F00202DE9F74F03690C6906
S3150001B7C09C42804600F38280013C01F114074FEA56
S3150001B7D0840C00F1140657F8245056F8240006EBA1
S3150001B7E00C03013507EB0C090193B0FBF5F595B395
S3150001B7F04FF0000A3846B646D34650F8042B93B2AA
S3150001B80005FB03A34FEA134A9BB2ABEB0303120CEE
S3150001B810BEF800B005FB02A213FA8BF34FEA124AF7
S3150001B8201FFA82FBDEF80020CBEB124202EB234229
S3150001B8309BB243EA024381454FEA224B4EF8043B51
S3150001B840DBD256F80C3033B9019B043B9E421A46B3
S3150001B85030D3C8F81040404601F0B9F9002825DB7D
S3150001B860013530464FF0000C57F8042BD0F800E0B4
S3150001B87093B2ACEB0303120C13FA8EF3C2EB1E4226
S3150001B88002EB23429BB243EA0243B9454FEA224CFB
S3150001B89040F8043BE8D256F8242006EB84032AB983
S3150001B8A0043B9E421A460BD3C8F81040284603B003
S3150001B8B0BDE8F08F1268043B002ACAD1013CC5E7F6
S3150001B8C01268043B002AEFD1013CEAE70020EEE7CB
S3150001B8D02DE9F04F97B057EC106B0791016C0A9266
S3150001B8E004460F93209DCDE9006741B1426C4A6041
S3150001B8F0012393408B6000F072FF00232364019BB8
S3150001B900002BBFBF01232B60019B23F00043B2BF75
S3150001B910019300232B60DDF80480AF4B33EA080363
S3150001B92013D10F9A42F20F731360009B23B9C8F328
S3150001B9301300002800F06785219BA84813B1C31C9A
S3150001B940219A136017B0BDE8F08FDDE90067002288
S3150001B950002330463946F1F7A5F9814650B10F9AD1
S3150001B96001231360219B002B00F04A859C48186037
S3150001B9700138E7E714AA15A947EC106B204601F038
S3150001B98015FAC8F30A558246002D7ED0C7F3130374
S3150001B99043F07F51304641F44011A5F2FF35CDF811
S3150001B9A0489000228F4BF0F75DFD85A3D3E9002374
S3150001B9B0F0F710FF84A3D3E90023F0F755FD0646FF
S3150001B9C028460F46F0F79CFE81A3D3E90023F0F742
S3150001B9D001FF02460B4630463946F0F745FD06465D
S3150001B9E00F46F1F7A7F90022834600233046394670
S3150001B9F0F1F762F958B15846F0F782FE02460B4656
S3150001BA0030463946F1F74EF908B90BF1FF3BBBF168
S3150001BA10160F59D8744901EBCB01DDE90023D1E9B1
S3150001BA200001F1F767F9002850D00BF1FF3B002325
S3150001BA300E93149B5D1B6B1E069345BFC5F1010357
S3150001BA400593002300234CBF06930593BBF1000F1A
S3150001BA503EDB069BCDF82CB05B440693002308938E
S3150001BA60079B092B00F29280052BC4BF043B079369
S3150001BA70079BA3F10203CCBF00250125032B00F28E
S3150001BA809180DFE803F07F812F74159B149D1D447F
S3150001BA9005F23243202B11DD009A05F21240C3F163
S3150001BAA0400322FA00F008FA03F31843F0F718FEF0
S3150001BAB00123A1F1F871013D129372E7C3F1200050
S3150001BAC0009B03FA00F0F1E70123B1E70E90B0E71E
S3150001BAD0059BA3EB0B030593CBF10003089300230E
S3150001BAE00B93BDE7012309930A9B002B5DDD0393AD
S3150001BAF0029300226264042202F114019942616CEC
S3150001BB0058D9204600F046FE029B04900E2B206475
S3150001BB1000F2E280002D00F0DF809DED007BBBF19D
S3150001BB20000F8DED0C7B71DD2F4A0BF00F034FEAF1
S3150001BB302B1602EBC303F006D3E900893ED52B4B46
S3150001BB4051EC170BD3E90823F0F76EFFCDE900019D
S3150001BB5006F00F060325254F002E49D142464B46D6
S3150001BB60DDE90001F0F760FFCDE9000167E001239F
S3150001BB7009930A9B5B4403930133012B0293B8BFDC
S3150001BB800123B6E70023AEE70023F1E701250023F1
S3150001BB90079309954FF0FF33039302930022122373
S3150001BBA00A92A6E701230993F4E70123039302937B
S3150001BBB01A46F5E70131616452009DE70225CAE79D
S3150001BBC061436F63A787D23FB3C8608B288AC63F9C
S3150001BBD0FB799F501344D33F0000F07FD249020006
S3150001BBE05F4802000000F83F084A0200E0490200EF
S3150001BBF0F10708D540464946D7E90023F0F7EAFDA3
S3150001BC0001358046894676100837A5E700F09D8004
S3150001BC10CBF100069F4BA04F06F00F0203EBC203C8
S3150001BC20D3E90023DDE90C01F0F7D4FDCDE90001EC
S3150001BC30361100230225002E7CD1002B94D10E9BB8
S3150001BC40002B00F08480DDE900890022934B4046F9
S3150001BC504946F1F731F8002879D0029B002B76D0BE
S3150001BC60039B002B34DD00228D4B40464946F0F7FD
S3150001BC70B1FDCDE90001039E0BF1FF3701352846E1
S3150001BC80F0F73EFDDDE90023F0F7A4FD0022854B28
S3150001BC90F0F7EAFB8046A1F15079002E5AD1002235
S3150001BCA0814BDDE90001F0F7DDFB42464B46CDE96C
S3150001BCB00001F1F71FF8002840F09B82424609F186
S3150001BCC00043DDE90001F0F7F7FF002840F08F821D
S3150001BCD0DDE90C23CDE90023159B002BC0F2508131
S3150001BCE0BBF10E0F00F34C816A4B03EBCB03D3E997
S3150001BCF000890A9B002B80F2DB80029B002B00F35C
S3150001BD00D78040F073820022674B40464946F0F7E0
S3150001BD1061FDDDE90023F0F7E3FF029E37460028C7
S3150001BD2040F04A82049B049A5D1C312313700BF187
S3150001BD30010B45E2F20705D5D7E90023F0F74AFDE5
S3150001BD40013501237610083775E7022577E75F4647
S3150001BD50029E94E7049A4F4B32441392099A711E3C
S3150001BD60002A48D003EBC103D3E9002300204F4941
S3150001BD70F0F75AFE42464B46F0F774FB049D8046A7
S3150001BD808946DDE90001F0F7D5FF0646F0F7B8FC74
S3150001BD9002460B46DDE90001F0F764FB303605F893
S3150001BDA0016B42464B46CDE90001F0F785FF0028BD
S3150001BDB065D1DDE9002300203849F0F753FB4246FF
S3150001BDC04B46F0F779FF002840F0BA80139B9D425D
S3150001BDD03FF47EAF0022324B40464946F0F7FAFC6B
S3150001BDE00022804689462E4BDDE90001F0F7F2FC80
S3150001BDF0CDE90001C5E703EBC10142464B46D1E956
S3150001BE000001F0F7E7FCCDE91001049DDDE9000131
S3150001BE10F0F790FF0646F0F773FC303602460B4604
S3150001BE20DDE90001F0F71EFB05F8016B139BAB4240
S3150001BE30804689464FF0000225D11C4BDDE91001F1
S3150001BE40F0F712FB02460B4640464946F0F752FF11
S3150001BE50002875D1DDE9102300201449F0F702FB13
S3150001BE6002460B4640464946F0F726FF00283FF4B6
S3150001BE702FAF15F8013C302B05F1FF3201D0BB463F
S3150001BE804EE01546F5E7064BF0F7A4FCCDE90001B7
S3150001BE90BCE700BF084A0200E04902000000F03F8B
S3150001BEA00000244000001C40000014400000E03F58
S3150001BEB0DDE90067049D42464B4630463946F0F7B8
S3150001BEC0B3FDF0F737FF0090F0F71AFC42464B46F8
S3150001BED0F0F780FC02460B4630463946F0F7C2FAC7
S3150001BEE0009E029F303605F8016B049EAE1BB742D9
S3150001BEF002460B4637D1F0F7B7FA06460F46024619
S3150001BF000B4640464946F0F7D7FEC0B932463B4696
S3150001BF1040464946F0F7C6FE10B1009BDB070ED43A
S3150001BF205146204600F05BFC00230F9A2B700BF163
S3150001BF3001031360219B03B11D60049802E55F466E
S3150001BF4015F8012C392A05F1FF3306D1049A9A42D4
S3150001BF5007D130231370013713461A7801321A704C
S3150001BF608DE71D46ECE70022A34BF0F733FC0022D8
S3150001BF70002306460F46F0F795FE00289BD0CFE733
S3150001BF80099A002A00F0CD80079A012A00F3AF80B2
S3150001BF90129A002A00F0A78003F23343089E059DFA
S3150001BFA0059A1A440592069A01211A4420460692D8
S3150001BFB000F0E5FC0746002D0CDD069B002B09DD94
S3150001BFC0AB42059AA8BF2B46D21A0592069AED1ADC
S3150001BFD0D31A0693089BF3B1099B002B00F0A580A9
S3150001BFE0002E10DD39463246204600F05FFD5246EE
S3150001BFF001460746204600F0CBFC514680462046C6
S3150001C00000F0EDFBC246089B9A1B04D05146204620
S3150001C01000F04CFD82460121204600F0B0FC0B9B4E
S3150001C020002B064640F383801A460146204600F05F
S3150001C0303DFD079B012B06467CDD4FF00008336969
S3150001C04006EB8303186900F04CFCC0F12000069B47
S3150001C050184410F01F0000F09680C0F12003042B55
S3150001C06040F38780059BC0F11C0003440593069BA2
S3150001C070054403440693059B002B05DD51461A46EC
S3150001C080204600F053FD8246069B002B05DD314616
S3150001C0901A46204600F04AFD06460E9B002B74D038
S3150001C0A03146504600F093FD00286EDA00235146D2
S3150001C0B00A22204600F09CFB099B0BF1FF3B8246BE
S3150001C0C0002B00F0A981002339460A22204600F000
S3150001C0D08FFB039B002B074600F3C780079B022BB0
S3150001C0E040F3C38059E0149BC3F1360356E7029B24
S3150001C0F05E1E089BB342BFBF089B0896F21A0B9BB4
S3150001C100B6BF9B189E1B0B93029BB8BF0026002B44
S3150001C110B9BF059B029A059D029BBCBF9D1A0023D0
S3150001C1203EE7089E059D099F45E7089A6EE7079B2E
S3150001C130012B19DC009BBBB9019BC3F313039BB90C
S3150001C140019B23F000431B0D1B0583B1059B0133A6
S3150001C1500593069B013306934FF001080B9B002BB9
S3150001C1607FF46DAF012072E74FF00008F6E79846BD
S3150001C170F4E780D0059A1C331A440592069A1A44AC
S3150001C1801D44134676E70346F4E7029B002B35DC94
S3150001C190079B022B32DD029B0393039B63B9314656
S3150001C1A00522204600F024FB01460646504600F0D3
S3150001C1B00EFD00283FF7B6AD0A9B049D6FEA030BFF
S3150001C1C0002302933146204600F009FB002F3FF47D
S3150001C1D0A7AE029B2BB1BB4203D01946204600F005
S3150001C1E0FEFA3946204600F0FAFA99E60026374665
S3150001C1F0E2E7BB46374695E500002440099B93BB21
S3150001C200029B0393049D31465046FFF7D5FA00F190
S3150001C210300905F8019B049B039AEB1A9A4200F335
S3150001C220DC80049B012AACBF9B180133984600238E
S3150001C230029351460122204600F078FC314682469F
S3150001C24000F0C5FC002800F38D8003D119F0010F21
S3150001C25040F08880454615F8013C302B05F1FF3248
S3150001C260B0D11546F7E7029B0393002D05DD39464C
S3150001C2702A46204600F05AFC0746B8F1000F4CD07A
S3150001C2807968204600F086FA3A690232054692003C
S3150001C29007F10C010C30FCF74BF801222946204628
S3150001C2A000F044FC009BDDF81080029703F00103C7
S3150001C2B00746059331465046FFF77EFA0299054631
S3150001C2C000F13009504600F082FC3A4600903146B2
S3150001C2D0204600F096FCC368024603BB0146069061
S3150001C2E0504600F074FC069A034611462046069312
S3150001C2F000F075FA069BA3B9079A92B9059A82B915
S3150001C300B9F1390F29D0009B002B01DD05F1310967
S3150001C31008F1010588F8009054E73846C2E7012381
S3150001C320E3E7009A002A04DB25D1079A1ABB059A8E
S3150001C3300ABB002BECDD51460122204600F0F6FB3C
S3150001C3403146824600F043FC002803DCE0D119F0B7
S3150001C350010FDDD0B9F1390FD8D1392388F8003072
S3150001C36008F10108454615F8013C392B05F1FF3264
S3150001C3703BD0013340E0002B08F1010505DDB9F1A1
S3150001C380390FEAD009F10109C4E7049B039A05F8BC
S3150001C390019CEB1A9342A8463FF44BAF514600234A
S3150001C3A00A22204600F024FA029B0299BB428246E9
S3150001C3B04FF000034FF00A02204604D100F018FAAC
S3150001C3C00290074676E700F013FA002302900A224C
S3150001C3D03946204600F00CFAF3E7514600230A22BB
S3150001C3E0204600F005FA82460DE7049B934205D1EB
S3150001C3F0049A0BF1010B31231370E3E61546B2E7FC
S3150001C4000A48FFF79FBA219B0948002B3FF49AAAD5
S3150001C41000F10803FFF794BA039B002B3FF7F2AE36
S3150001C420079B022B7FF7EEAEB7E600BF5E48020020
S3150001C430C9490200014B1868704700BF2C8AFF1FCB
S3150001C44093682DE9F74F07460C4690461BB9002025
S3150001C45003B0BDE8F08F8B89180726D50B6923B386
S3150001C460A389D8F8006013F002092DD04FF0000A15
S3150001C470DFF864B2D146B9F1000F1FD0D9454B465A
S3150001C480524628BF5B46E169656A3846A8470028D7
S3150001C49040F38980D8F808308244A9EB0009181ABC
S3150001C4A0C8F808000028E6D1D1E721463846FFF74B
S3150001C4B0CFF80028D4D04FF0FF30C9E7D6F800A056
S3150001C4C0D6F804900836D6E713F0010343D0484660
S3150001C4D0CA46CB46BBF1000F00F0D98050B95A4687
S3150001C4E00A215046F0F75CFE002800F0D5800130A5
S3150001C4F0A0EB0A09206821696269D9454B4628BF24
S3150001C5005B46884240F2CB80A5681544AB4240F3B6
S3150001C510C68051462A46FBF719FF23682B44236040
S3150001C52021463846FBF776FA00283CD1B9EB0509D6
S3150001C53040F0CF8021463846FBF76CFA002832D10D
S3150001C540D8F80830AA44ABEB050B5D1BC8F80850B8
S3150001C550002DBFD17BE799469A46BAF1000F27D045
S3150001C560A289A568910565D5AA453BD312F4906FBA
S3150001C57036D0216923685B1A01936369022003EBB4
S3150001C580430393FBF0FB019B581C5044834538BF82
S3150001C590834653053ED559463846FBF79FFC05466B
S3150001C5A050B90C233B60A38943F04003A38182E782
S3150001C5B096E800060836D0E7019A2169FBF7B8FE2E
S3150001C5C0A28922F4906242F08002A281019B256138
S3150001C5D01D44ABEB03032560C4F814B05546A360B4
S3150001C5E0AA4500D255462A4649462068FBF7AEFEC3
S3150001C5F0A3685B1BA36023681D4425605546D8F8D4
S3150001C6000830A944AAEB050A5D1BC8F80850002D9D
S3150001C610A3D11CE75A463846FBF7C4FE0546002857
S3150001C620D4D121693846FBF7B5FAA38923F08003F3
S3150001C630A381B6E720682369984202D862699245C8
S3150001C64015D2554528BF55462A464946FBF77EFE73
S3150001C650A36822685B1B2A44A3602260002BCED10B
S3150001C66021463846FBF7D6F90028C8D09BE76FF07C
S3150001C6700043534528BF5346656A93FBF2F3E169CC
S3150001C680534338464A46A847051EB8DC8BE796E869
S3150001C690000C002008361DE70BF101092AE7934239
S3150001C6A009DB656AE169134638465246A847051E05
S3150001C6B03FF73CAF77E71A4651460193FBF746FE33
S3150001C6C0019BA268D21AA26022681A4422601D4602
S3150001C6D02CE7012034E700BF00FCFF7F38B5064C8C
S3150001C6E0002305460846236002F0C2FA431C02D124
S3150001C6F0236803B12B6038BD900F0020002102F0A2
S3150001C7009BB90000004870474893FF1F014B93F8FF
S3150001C710280170475892FF1F38B5074C0546084651
S3150001C7201146002222601A4602F0AAFA431C02D1DF
S3150001C730236803B12B6038BD900F0020F7B5089C24
S3150001C740094D009406461746D5F8E45012B9074A32
S3150001C75001233946A847431C01BF002323608A23CE
S3150001C760336003B0F0BD00BF5892FF1FDF490200DE
S3150001C77082B001B901A942B14BB113780B601278AD
S3150001C780101C18BF012002B070471046FBE76FF07E
S3150001C7900100F8E7C36C70B505460C467BB1EB6C3E
S3150001C7A053F82400A0B9012101FA04F6721D920082
S3150001C7B02846FBF725F848B1446086600BE0212244
S3150001C7C00421FBF71DF8E8640028E8D1002070BDBC
S3150001C7D0026843F8242000230361C36070BD31B1B0
S3150001C7E0C36C4A6853F82200086043F82210704768
S3150001C7F02DE9F0410D691F4606460C4601F1140C60
S3150001C8000023DCF8000081B202FB01710F0C000C61
S3150001C81002FB007089B2013301EB00419D424FEAF0
S3150001C82010474CF8041BECDCD7B1A3689D4212DB20
S3150001C830616830460131FFF7ADFF2269023204F12A
S3150001C8400C01804692000C30FBF772FD2146304602
S3150001C850FFF7C5FF444604EB850301355F6125619A
S3150001C8602046BDE8F0812DE9F8430C4615461F46E2
S3150001C87009220833064693FBF2F3002101229A426C
S3150001C88020DB3046FFF786FF089B4361092D4FF0F9
S3150001C8900103036119DD04F10909C8462C4418F89E
S3150001C8A0013B0146303B0A223046FFF7A1FFA04576
S3150001C8B0F5D1A5F108044C442D1B6319BB4207DBD6
S3150001C8C0BDE8F88352000131D9E70A340925F3E7B7
S3150001C8D014F8013B0146303B0A223046FFF788FF38
S3150001C8E0EBE7020C12040346B2B90304102013F05D
S3150001C8F07F4F04BF1B02083013F0704F04BF1B01AA
S3150001C900043013F0404F04BF9B000230002B06DBBE
S3150001C9105B0003D5013070470020E8E7202070470F
S3150001C920036813F0070201460BD0DA0723D49807F0
S3150001C93049BF5B089B0801200B605CBF0B600220AE
S3150001C940704798B2A8B91B0C102013F0FF0F04BF53
S3150001C9501B0A08301A0704BF1B0904309A0704BFD3
S3150001C9609B080230DA0702D45B0806D001300B605F
S3150001C97070471046E9E7002070472020704710B540
S3150001C9800C460121FFF706FF01224461026110BD39
S3150001C9902DE9F74F14460A6923699A42B8BF0B4637
S3150001C9A08946BCBFA1461C46D9F81070D4F810A020
S3150001C9B0D9F80830D9F8041007EB0A069E42C8BF19
S3150001C9C00131FFF7E7FE00F1140505EB86082B465A
S3150001C9D00022434516D304F1140209F1140102EBB6
S3150001C9E08A0301EB87070193019C944213460CD8F5
S3150001C9F0002E03DD58F8043D002B54D0066103B028
S3150001CA00BDE8F08F43F8042BE3E7B3F800A0043246
S3150001CA10BAF1000F20D0AC4689464FF0000E59F806
S3150001CA20044BBCF800B0A3B20AFB03B34FEA144BA4
S3150001CA30DCF8004073444FEA144E0AFB0BE404EBA6
S3150001CA4013449BB243EA04434F454FEA144E4CF854
S3150001CA50043BE4D8CCF800E032F8029CB9F1000FAF
S3150001CA601FD02B68AC468E464FF0000ABEF8004038
S3150001CA70BCF802B009FB04B4A2449BB243EA0A43E0
S3150001CA804CF8043B5EF8043BBCF800401B0C09FB68
S3150001CA90034303EB1A4377454FEA134AE6D8CCF82A
S3150001CAA000300435A0E7013EA2E700002DE9F84376
S3150001CAB0154612F0030206460F4607D0013A1A4CF4
S3150001CAC0002354F82220FFF793FE0746AD1027D026
S3150001CAD0B46C44B940F271213046FFF750FF002390
S3150001CAE0B064044603604FF00008EB070AD53946E7
S3150001CAF022463046FFF74CFF394681463046FFF75E
S3150001CB006EFE4F466D100BD0206838B9224621467D
S3150001CB103046FFF73DFF2060C0F800800446E4E799
S3150001CB203846BDE8F88300BFD04A02002DE9F04738
S3150001CB300C464FEA621A236949680AEB0309A3689E
S3150001CB400746164609F10105AB4231DB3846FFF7C8
S3150001CB5021FE0022804600F11403114652452ADBCC
S3150001CB6020692AEAEA7A04F1140116F01F0203EB9E
S3150001CB708A0301EB800C22D0C2F1200E00200E6840
S3150001CB809640304343F8040B51F8040B8C4520FAC8
S3150001CB900EF0F4D8186008B109F10205013D3846D6
S3150001CBA0C8F810502146FFF71AFE4046BDE8F08747
S3150001CBB001315B00C8E743F822100132CEE7043B9E
S3150001CBC051F8042B43F8042F8C45F9D8E6E703699D
S3150001CBD00A699B1A30B50CD19200143014318418AD
S3150001CBE0114454F8045D51F8042D954203D005D340
S3150001CBF00123184630BDA042F3D3FAE74FF0FF33C5
S3150001CC00F7E72DE9F0470D46074611462846144633
S3150001CC10FFF7DDFF061E08D131463846FFF7BAFD9C
S3150001CC20012303614661BDE8F087A4BF23462C4674
S3150001CC3038466168A6BF1D4600260126FFF7AAFDF4
S3150001CC402B69C660266905F1140904F1140202EB89
S3150001CC50860709EB830800F114054FF0000E52F820
S3150001CC6004AB59F8044B1EFA8AF1A3B2C91A230C74
S3150001CC70C3EB1A4303EB214389B24FEA234EC8455E
S3150001CC8041EA0343944645F8043BE8D8BC4505D33D
S3150001CC9055F8043D8BB10661BDE8F0875CF8041BCD
S3150001CCA01EFA81F31A1402EB11429BB243EA0243C4
S3150001CCB04FEA224E45F8043BE8E7013EE8E700006B
S3150001CCC0124B10EE902A1A40A2F15073002B04DD8C
S3150001CCD00020194641EC100B70475B421B15132BC4
S3150001CCE04FF000004FF0000104DC4FF4002242FA3D
S3150001CCF003F1EFE7143B1E2B4FF00102DABFC3F13C
S3150001CD001F0302FA03F313461846E3E70000F07F18
S3150001CD10F8B5056900F1140707EB85052E1F55F8CF
S3150001CD20044C2046FFF7DDFDC0F120030A280B6005
S3150001CD30DFF874C014DCC0F10B0E24FA0EF1B74211
S3150001CD4041EA0C0334BF55F8081C0021153004FADA
S3150001CD5000F021FA0EF140EA010243EC102BF8BD76
S3150001CD60B7423ABFA5F1080655F8081C00210B3851
S3150001CD7015D08440C0F1200544F07F5444F440149A
S3150001CD80BE4221FA05FC44EA0C038CBF56F8044C5A
S3150001CD90002401FA00F0EC4040EA0402DDE744EA2F
S3150001CDA00C030A46D9E700BF0000F03F2DE9F7431F
S3150001CDB00E46012159EC108B1546FFF7EBFCC9F322
S3150001CDC00A540746C9F3130334BB0193B8F1000FA4
S3150001CDD027D002A840F8088DFFF7A2FD0099F0B10F
S3150001CDE0019AC0F1200302FA03F30B43C2407B61AF
S3150001CDF00192019BBB61002B14BF02210121396104
S3150001CE00C4B1A4F2334404443460C0F1350028604F
S3150001CE10384603B0BDE8F08343F48013D5E7796162
S3150001CE20E7E701A8FFF77CFD019B7B6101213961E1
S3150001CE302030E5E707EB8103A0F232403060186944
S3150001CE40FFF74FFDC0EB4110E1E72DE9F7438846B7
S3150001CE5069468146FFF75CFF01A9404655EC104B38
S3150001CE60FFF756FFD9F81030D8F810209A1A9DE826
S3150001CE700A00CB1A03EB421357EC106B002BD6BFFB
S3150001CE80C3EB033305EB035507EB035732463B462A
S3150001CE9020462946EFF7C8FD41EC100B03B0BDE86B
S3150001CEA0F083013910B549111469013102F11403F6
S3150001CEB000EB810103EB8404A342024603D3002362
S3150001CEC08A4205D310BD53F8042B40F8042BF3E72F
S3150001CED042F8043BF4E700F1140200694B11984251
S3150001CEE010B511DB0ADD11F01F0107D052F82340FE
S3150001CEF024FA01F000FA01F18C420BD102EB830313
S3150001CF00934203D8002010BD0346F7E753F8041DEA
S3150001CF100029F5D0012010BD38B5074C0546084655
S3150001CF201146002222601A4601F0B2FE431C02D1CC
S3150001CF30236803B12B6038BD900F002070B50B78C4
S3150001CF405E2B13BF4A1C8A1C4B78002108BF0121A6
S3150001CF50441E00F1FF0504F8011FA542FBD113B9D8
S3150001CF60013A104670BD81F00104C45411460D7892
S3150001CF702D2D01F1010206D05D2DF2D00DB90A4623
S3150001CF80EFE72B46F1E74E785D2EFAD0B342F8DC97
S3150001CF90023101339E42C454FBDCE8E710EE903ABD
S3150001CFA043F0004000F58010C00F70479FED010A65
S3150001CFB0704700BF0000C07F70B504460D4645ECC2
S3150001CFC0104B1646FFF77CFE51EC100B7EB1C5F3F4
S3150001CFD00A53C3F16B03002B09DD1B0503F17F55D2
S3150001CFE0002405F5401522462B46EFF7F3FB70BDED
S3150001CFF02DE9F04F9FB01F4600231A93984B0490DA
S3150001D0001B68159218460C460593F0F7C1F84FF0C8
S3150001D010000A05464FF0000B1994199A13780D2B47
S3150001D02032D8092B36D2002B3ED000230993199E04
S3150001D0303378302B40F002817378582B01D0782B4E
S3150001D0406AD1099B01931AAB009302971BAB854AE0
S3150001D050049819A901F01CFA10F00704054605D039
S3150001D060062C2BD10136002319960993159B002B0B
S3150001D07040F09685099BE3B152460BF1004343EC20
S3150001D080102B1FB0BDE8F08F2B2B06D02D2B13D004
S3150001D090202BCAD101321992BFE700230993531CF1
S3150001D0A019935378002BC2D1159B1994002B40F08C
S3150001D0B0758552465B46E2E70123EFE71A9A3AB1D4
S3150001D0C035211CA8FFF7EDFE1A990498FFF787FB97
S3150001D0D0013C042C08D8DFE804F00C03171A0C00F5
S3150001D0E0DDF870A0DDF874B02907BFD54BF0004B11
S3150001D0F0BCE71D9B1B9ADDF870A023F4801302F296
S3150001D100334243EA025BEFE7DFF864B1ECE76FF025
S3150001D110004B4FF0FF3AE7E7199B5A1C19925B78CF
S3150001D120302BF9D0002BA1D001234FF00009089331
S3150001D130199B0A93CDF81C90CDF818900A221998DC
S3150001D1400678A6F13003D9B2092979D92A46059973
S3150001D15001F086FC002800F08D800020069D3346F4
S3150001D16002460146652B02D0452B40F0EB8025B9DE
S3150001D17010B9089B002B97D00025199C631C1993A5
S3150001D18063782B2B00F0CB802D2B00F0CE80002670
S3150001D1900596A3F13006092E00F2D380302B00F05C
S3150001D1A0C680A3F13106082E00F2CC80A3F1300C23
S3150001D1B0199B4FF00A0E1F46199B5E1C19965B7848
S3150001D1C0A3F13008B8F1090F40F2B680F61B082E1C
S3150001D1D044F61F6802DCE045A8BFE046059E0EB195
S3150001D1E0C8F10008002D40F0D68000287FF43EAF3C
S3150001D1F0089A002A7FF43AAF00297FF455AF4E2BE7
S3150001D20000F0A98000F3A180492B7FF44DAF1649A8
S3150001D21019A801F06DFB00283FF446AF199B13498D
S3150001D220013B19A8199301F063FB10B9199B01334E
S3150001D2301993DFF83CB04FF0000A17E7002374E7B3
S3150001D24006990829DDBF079902FB0133079302FB03
S3150001D2500939069B01300133069319906FE700BF28
S3150001D260304B0200DC4A020031480200CC49020080
S3150001D2700000F07F199B5A191992069A5B5D002AE4
S3150001D28048D11046302B2AD0A3F13102082A00F2E8
S3150001D2908C84199A0A92024600200546303B00F119
S3150001D2A0010111D00A4400EB050E29460A267145F3
S3150001D2B01BD12844082800F1010525DC07980A211D
S3150001D2C001FB003307930021199B581C19905B78C9
S3150001D2D00846A3F130010929E0D9012142E7199B4A
S3150001D2E05A1C199201305B78CCE7013101F1FF3C00
S3150001D2F0BCF1080F03DC079F77430797D7E710298F
S3150001D300D8BF06FB09F9D2E7102DDCBF0A2101FBC4
S3150001D3100939D8E70246069DDBE7012128E7002304
S3150001D3200593A31C1993A37833E70123F8E7199B07
S3150001D3305E1C19965B7831E70EFB0C3CACF1300CA8
S3150001D3403AE719944FF000084CE7692B3FF45FAFB9
S3150001D3506E2B7FF4A9AE8A4919A801F0C9FA0028F3
S3150001D3603FF4A2AE199B1B78282B0ED11CAA854926
S3150001D37019A801F0D0FA052807D11D9BDDF870A088
S3150001D38043F0FF4B4BF4E00B70E67F4801F060FB86
S3150001D3905BEC10AB6AE6069B0798002B08BF2B4691
S3150001D3A0102D2C46A8EB0208A8BF10240693EFF710
S3150001D3B097F9092C82468B4613DD744B03EBC403A4
S3150001D3C053E91223EFF706FA064648460F46EFF7EA
S3150001D3D087F902460B4630463946EFF745F882464D
S3150001D3E08B460F2D36DCB8F1000F3FF43FAE24DD3E
S3150001D3F0B8F1160F0BDC654D05EBC808D8E900013D
S3150001D40052465B46EFF7E6F982468B462EE6C5F1B4
S3150001D410250398451EDC5D4CC5F10F0504EBC501DE
S3150001D420A8EB050552465B46D1E9000104EBC504AC
S3150001D430EFF7D0F9D4E90023E4E718F1160F09DB79
S3150001D440524DA5EBC808D8E9002350465946EFF7D7
S3150001D450EBFAD9E72C1B4444002C70DD14F00F03C2
S3150001D4600AD04A4901EBC30152465B46D1E90001A4
S3150001D470EFF7B0F982468B4634F00F0450D0B4F57D
S3150001D4809A7F23DD0024254607940694049ADFF843
S3150001D49008B1222313604FF0000A079B002B3FF4CB
S3150001D4A0E5AD1A990498FFF79AF906990498FFF7DA
S3150001D4B096F929460498FFF792F907990498FFF718
S3150001D4C08EF921460498FFF78AF9CFE5304E0023FD
S3150001D4D024115046594699463746012C23DC0BB197
S3150001D4E082468B46ABF1547B07EBC90752465B4636
S3150001D4F0D7E90001EFF76EF921F000438B460A46A2
S3150001D5001B0D24491B058B428246BBD8A1F5801110
S3150001D5108B4286BFDFF884B04FF0FF3A02F1547BAD
S3150001D520002305936DE0E20704D5D6E90023EFF762
S3150001D53051F9012309F1010964100836CDE7EFD04D
S3150001D540644214F00F020AD0104B03EBC20350469B
S3150001D5505946D3E90023EFF767FA82468B46241131
S3150001D560DED01F2C1CDD0024254607940694049A60
S3150001D57022234FF0000A4FF0000B13608DE700BF26
S3150001D58039480200F04A0200DF490200084A020057
S3150001D590E04902000000A07C0000F07FFFFFEF7F62
S3150001D5A014F0100318BF6A23A04E0593504659463E
S3150001D5B00023002C00F306810BB182468B46059BA6
S3150001D5C0BBB1CBF30A53C3F16B03002B594610DDF4
S3150001D5D01F2B40F30181342BDEBF203B4FF0FF327E
S3150001D5E002FA03F34FF0000ACCBF4FF05C7B03EA6B
S3150001D5F0010B0022002350465946EFF753FB002842
S3150001D600B1D1079B0093069A0A9904982B46FFF716
S3150001D6102AF9079000283FF435AFB8F1000FC8F199
S3150001D6200003A8BF00230E93002428EAE8730F9392
S3150001D6302546079B04985968FFF7ACF80690002821
S3150001D6403FF424AF079B1A69023203F10C019200E1
S3150001D6500C30FAF76DFE1CAA1BA94BEC10AB049813
S3150001D660CDE90AABFFF7A2FB1A9000283FF40EAFF3
S3150001D67001210498FFF783F9054600283FF406AF18
S3150001D6801B9E1C9A002EABBF0E9B0F9B0F9FDDF8B6
S3150001D6903880ACBF03EB06089F1B059BF61A1644A0
S3150001D6A0634B013E9E42C2F1360280F2A8809B1B6B
S3150001D6B01F2BA2EB03024FF0010900F3948009FA34
S3150001D6C003F31493002608EB0209059BC84517448A
S3150001D6D01F444346A8BF4B46BB42A8BF3B46002B4F
S3150001D6E0C2BFA9EB0309FF1AA8EB03080E9BBBB146
S3150001D6F029461A460498FFF7D9F9054600283FF44A
S3150001D700C5AE01461A9A0498FFF742F90890002817
S3150001D7103FF4BCAE1A990498FFF761F8089B1A9377
S3150001D720B9F1000F6FDC0F9B002B75D1002F08DDBF
S3150001D7303A4606990498FFF7F9F9069000283FF44E
S3150001D740A5AEB8F1000F08DD294642460498FFF759
S3150001D750EDF9054600283FF499AE069A1A99049800
S3150001D760FFF74FFA044600283FF490AEC3680893CA
S3150001D7700023C3602946FFF72AFA00285ADA089BD4
S3150001D780E3B9BAF1000F19D1CBF31303B3B92BF0F7
S3150001D79000431B0D1B05B3F1D66F0FD9636913B98E
S3150001D7A02369012B0ADD214601220498FFF7BEF900
S3150001D7B029460446FFF70BFA00286CDC059B002B73
S3150001D7C076D16EE6E20704D5D6E90023EFF702F833
S3150001D7D0012364100836ECE64FF0FF3202FA03F338
S3150001D7E003EA0A0A05E7C6F17F4606F57F0606F54E
S3150001D7F07B46E23609FA06F6CDF8509063E7012337
S3150001D800002614935FE74A461A990498FFF78EF9A2
S3150001D8101A90002887D139E60F9A06990498FFF7DE
S3150001D82045F90690002881D130E600BF084B020079
S3150001D83002FCFFFF40F08680089ACBF3130332B354
S3150001D840AD4A9342594652D1059B5046D3B1AB4A94
S3150001D8500A40B2F1D46F4FF0FF3716D8120DC2F15C
S3150001D8606B0307FA03F3834241D1A54A914202D1E0
S3150001D87001333FF40BAEA14B0B4003F5801B4FF078
S3150001D880000A9BE74FF0FF33EDE73B46EBE773BB3F
S3150001D890BAF1000F2BD12BF00043059A1B0D1B0586
S3150001D8A0E2B1B3F1D66F19DCB3F15C7F7FF75FAEFE
S3150001D8B0944B0D9300230C9350465946DDE90C23F6
S3150001D8C0EEF788FF82468B4600297FF4EAAD0028F1
S3150001D8D07FF4E7AD049A22231360E2E5A3F58013F2
S3150001D8E06FEA135B6FEA0B5B4FF0FF3A66E79EB197
S3150001D8F016EA0B0F3FF462AF089B059A504659464C
S3150001D90073B1FFF759FB02460B46DDE90A01EEF753
S3150001D910ABFD82468B4651E7149B13EA0A0FE9E7F2
S3150001D920FFF74AFB02460B46DDE90A01EEF79AFDCF
S3150001D9300022002382468B46EFF7B4F900287FF4D4
S3150001D94016AE3BE729462046FFF77FFA57EC106BE8
S3150001D95000224FF0804310EE100A3946EFF7B6F970
S3150001D960002874D0089B002B46D0DFF89C914FF01D
S3150001D9700008654F0026614B0BEA03031493149AC2
S3150001D980624B9A4240F0CA80DDE90A23ABF1547B2F
S3150001D9904BEC10ABCDE90C23FFF792F9404653EC63
S3150001D9A0102B4946EEF716FF52465B46EEF75CFD35
S3150001D9B0524A574B0A409A4282465CD90D9A03F164
S3150001D9C054739A4203D10C9B01333FF45FADDFF8E8
S3150001D9D030B14FF0FF3A1A990498FEF700FF069905
S3150001D9E00498FEF7FCFE29460498FEF7F8FE214648
S3150001D9F00498FEF7F4FE1CE6BAF1000F18D1CBF33A
S3150001DA001303E3B90022404B30463946EFF754F988
S3150001DA10D0B93046394600223E4BEEF7DBFE0646CC
S3150001DA200F4607F1004316961793DDE91689A2E71B
S3150001DA30BAF1010F03D1BBF1000F3FF498AD4FF0DE
S3150001DA400008DFF8D49094E70026324FE9E7314B1E
S3150001DA50304639460022EEF7BDFE089B06460F46C4
S3150001DA6033B901F1004310901193DDE9108982E782
S3150001DA70CDE91067F9E701F1547B059B002BAAD18B
S3150001DA802BF000431B0D149A1B059A42D846A2D1CE
S3150001DA9030463946EFF7D4FBEEF76EFE0B460246EB
S3150001DAA039463046EEF7DEFC089B06460F4633B98B
S3150001DAB0BAF1000F03D1CBF31303002B68D00AA3ED
S3150001DAC0D3E9002330463946EFF7F6F800287FF40C
S3150001DAD0E8AC07A3D3E9002330463946EFF70AF944
S3150001DAE000283FF478AFDCE49535A094FFFFDF3FD3
S3150001DAF035E5AF350000E03FFFFF0F000000F07F86
S3150001DB00FFFFEF7F000050390000F03F0000E07F8B
S3150001DB10FFFF9F7C0000E03F0000F0BF059B1BB3A9
S3150001DB20149BB3F1D46F1FD825A3D3E90023304644
S3150001DB303946EFF7CBF890B139463046EFF722F97F
S3150001DB40002808BF0120EEF7CBFD089B06460F46CD
S3150001DB50DBB901F1004312901393DDE91289149A9E
S3150001DB6009F1D663A3EB02099DED0A0BFFF7A8F8AD
S3150001DB70404653EC102B4946EEF72CFEDDE90A230D
S3150001DB80EEF772FC82468B4677E7CDE91267E4E74A
S3150001DB900DA3D3E90023EFF78FF8A1E7002309933B
S3150001DBA0159A199B1360FFF765BA652B4FF00002B2
S3150001DBB03FF4B3AB15460121FFF7D6BAAFF30080A8
S3150001DBC00000C0FFFFFFDF419535A094FFFFCF3F67
S3150001DBD0014BFFF70DBA00BF5892FF1F2DE9F04F19
S3150001DBE087B093464D4A05901F4688460B461D460B
S3150001DBF015F8014BA65C16F008060AD12D2C0AD1A0
S3150001DC002C7801269D1C5FB1102F13D1302C09D021
S3150001DC1010E02B46EBE72B2C04BF2C789D1CF2E77A
S3150001DC20302C44D12B7803F0DF03582B70D16C785C
S3150001DC3010270235002E3CD04FF0000A4FF0004964
S3150001DC403A46FB1750464946CDE90023EFF70AF954
S3150001DC50FB17049250463A464946EFF703F900236B
S3150001DC60CDE9020100200021A4F13002092A25D8BC
S3150001DC701446A74231DD5A1C16D0DDE902238B4238
S3150001DC8008BF824226D302D1049BA34222DB009B1A
S3150001DC90019A4B4300FB0233009AA2FB000119448F
S3150001DCA0001941EBE471012315F8014BDCE70A2762
S3150001DCB0C0E74FF0FF3A6FF00049C1E7A4F1410216
S3150001DCC0192A01D8373CD4E7A4F16102192A04D8EC
S3150001DCD0573CCEE74FF0FF33E6E75A1C0AD1059AC7
S3150001DCE02223136050464946BBF1000F0AD107B003
S3150001DCF0BDE8F08F16B1404261EB4101BBF1000F67
S3150001DD00F5D01BB1013DCBF80050F0E74546FAE7E7
S3150001DD103024002F8ED108278CE700BFC9480200A6
S3150001DD20FFF75CBF2DE9F0473A4F864608460546A0
S3150001DD3015F8014BE65D16F008060AD12D2C0AD11D
S3150001DD402C780126851C5BB1102B13D1302C09D000
S3150001DD5010E02846EBE72B2C04BF2C78851CF2E754
S3150001DD60302C2AD1287800F0DF0058284AD16C7867
S3150001DD7010230235002E0CBF6FF000484FF000480B
S3150001DD804FF0000CB8FBF3F9604603FB198AA4F1C6
S3150001DD903007092F13D83C46A3421FDDBCF1FF3FD4
S3150001DDA008D0814517D301D1A24514DB00FB0340FE
S3150001DDB04FF0010C15F8014BE9E70A23DAE7A4F164
S3150001DDC04107192F01D8373CE6E7A4F16107192F5E
S3150001DDD004D8573CE0E74FF0FF3CEBE7BCF1FF3FCF
S3150001DDE006D12223CEF8003040463AB9BDE8F08785
S3150001DDF006B140425AB1BCF1000F00D0691E116054
S3150001DE00BDE8F0873024002BB4D10823B2E7BDE882
S3150001DE10F08700BFC9480200FFF784BF2DE9F04F24
S3150001DE2085B091464B4A03901F4688460B461D46D0
S3150001DE3015F8014BA65C16F008060AD12D2C0AD15D
S3150001DE402C7801269D1C5FB1102F13D1302C09D0DF
S3150001DE5010E02B46EBE72B2C04BF2C789D1CF2E738
S3150001DE60302C41D12B7803F0DF03582B6CD16C7821
S3150001DE70102702354FEAE77B3A465B464FF0FF3003
S3150001DE804FF0FF31EEF7EEFF3A46CDE900015B4672
S3150001DE904FF0FF304FF0FF31EEF7E4FFBA469646FA
S3150001DEA0002300200021A4F1300CBCF1090F1DD87C
S3150001DEB06446A7422BDD002B26DBDDE900238B42DE
S3150001DEC008BF824220D301D1A6451DDB0AFB01F31F
S3150001DED000FB0B33AAFB00011944001941EBE47165
S3150001DEE0012315F8014BDEE70A27C3E7A4F1410C2C
S3150001DEF0BCF1190F01D8373CDBE7A4F1610CBCF189
S3150001DF00190F04D8573CD4E74FF0FF33E9E7002B4C
S3150001DF100CDA039A222313604FF0FF304FF0FF31E2
S3150001DF20B9F1000F0AD105B0BDE8F08F16B1404234
S3150001DF3061EB4101B9F1000FF5D01BB1013DC9F803
S3150001DF400050F0E74546FAE73024002F92D1082722
S3150001DF5090E700BFC9480200FFF760BF2DE9F04313
S3150001DF60384F86460846054615F8014BE65D16F01C
S3150001DF7008060AD12D2C0AD12C780126851C5BB105
S3150001DF80102B13D1302C09D010E02846EBE72B2CAF
S3150001DF9004BF2C78851CF2E7302C26D1287800F0B6
S3150001DFA0DF00582846D16C78102302354FF0FF3830
S3150001DFB00027B8FBF3F803FB08F96FEA09093846AD
S3150001DFC0A4F1300CBCF1090F11D86446A3421FDD40
S3150001DFD0002F1ADB804518D301D1A14515DB00FBC3
S3150001DFE00340012715F8014BEAE70A23DEE7A4F10E
S3150001DFF0410CBCF1190F01D8373CE7E7A4F1610CDC
S3150001E000BCF1190F04D8573CE0E74FF0FF37E9E7B9
S3150001E010002F07DA2223CEF800304FF0FF302AB95D
S3150001E020BDE8F08306B140424AB107B1691E1160ED
S3150001E030BDE8F0833024002BB8D10823B6E7BDE84C
S3150001E040F08300BFC9480200FFF788BF93682DE936
S3150001E050F74F81460C461746002B60D04FF0000B58
S3150001E060D2F800A05E4656B3A3689E4244D3A28965
S3150001E07012F4906F3ED025682169A5EB0108656908
S3150001E080022305EB450595FBF3F508F1010333443E
S3150001E0909D4238BF1D46530546D529464846F9F7E0
S3150001E0A01DFF98B90C23C9F80030A38943F040033A
S3150001E0B0A3810023BB607B604FF0FF3031E0DAF8CB
S3150001E0C000B0DAF804600AF1080ACCE74246216991
S3150001E0D00190FAF72DF9A289019B22F4906242F090
S3150001E0E08002A281236165614344A5EB0805236093
S3150001E0F0A56033469E4200D233461A4659462068E9
S3150001E1000193FAF723F9A268019BD21AA260226849
S3150001E11013442360BB689E1BBE60002ECFD1002036
S3150001E120786003B0BDE8F08F2A464846FAF73AF917
S3150001E13003460028D6D121694846F9F72BFDB1E7F8
S3150001E14038B54B1C144603D14FF0FF35284638BD70
S3150001E150938923F020039381136B5268CDB28BB15F
S3150001E160636B9A4208DA23685A1E226003F8015C3F
S3150001E170636801336360E9E7214600F072F800281D
S3150001E180F1D0E1E72169236851B1994208D213F828
S3150001E190011C8D4204D1013B013223606260D5E747
S3150001E1A0A36304F140032363032363632346E2630A
S3150001E1B003F8425F23600123DCE710B50C46096BC7
S3150001E1C069B104F14003994201D0F9F7E3FCE36B2D
S3150001E1D063600020206313B1A36B236010BD236924
S3150001E1E0236000236360A38943F02003A3814FF0DA
S3150001E1F0FF3010BD2DE9F74F15465D438246914626
S3150001E20098460C9C29D00F462E464FF0000B6368AA
S3150001E2109E420CD8324621683846FAF789F8636877
S3150001E22025689B1B354425606360454615E01A4603
S3150001E230216801933846FAF77BF8019B22681A4454
S3150001E24084E80408214650461F44F61AFFF7B5FF35
S3150001E2500028DCD0AD1BB5FBF9F5284603B0BDE8B7
S3150001E260F08F2DE9F0410C46096B04F14003994208
S3150001E2701ED14FF48061F9F731FE18B94FF0FF3026
S3150001E280BDE8F0814FF48063636394F84230206304
S3150001E29080F8FF3394F8413080F8FE3394F840302B
S3150001E2A080F8FD3300F2FD3020600020BDE8F081EA
S3150001E2B0666B77003A46FAF775F805460028DDD011
S3150001E2C000EB0608014632464046FAF731F8C4F833
S3150001E2D0008025636763E8E72DE9F84F9368804678
S3150001E2E00F4614461BB953601846BDE8F88F0B6EEE
S3150001E2F09D0423D51568A068083520B90023A360BD
S3150001E3006360BDE8F88F55F8046C55F808BC4FEA10
S3150001E310960A4FF00009CA4505DCA36826F00306F4
S3150001E3209E1BA660E7E73A465BF82910404600F0D7
S3150001E33056F8431CE2D009F10109ECE7FEF780F833
S3150001E340DCE749B1FF2A85BF8A2303600A704FF0D3
S3150001E350FF3098BF01207047084670472DE9F74303
S3150001E36080460E461446FEF7D1F901281CD1731ECC
S3150001E370FE2B19D88DF80460054600270DF1040916
S3150001E380AF4220D0A36817F80910013B002BA36008
S3150001E39004DAA26993421ADB0A2918D023685A1CA7
S3150001E3A0226019700137EBE7324604F1580301A9DF
S3150001E3B0404600F0B1FB421C0546DED1A38943F07D
S3150001E3C04003A3810646304603B0BDE8F0832246EA
S3150001E3D0404600F057FB431CE4D10646F3E7B2F989
S3150001E3E00C3013F4005F06D143F400539381136E8E
S3150001E3F043F400531366FFF7B1BFF0B506694B113D
S3150001E400B34200F114052BDA11F01F0105EB860664
S3150001E41005EB830208D12946B2420B4610D252F8C7
S3150001E420043B41F8043BF7E755F82340C1F1200CC2
S3150001E4300432CC402B46B24208D31C6004B10433EB
S3150001E4405B1B9B10036103B94361F0BD176807FAB3
S3150001E4500CF73C4343F8044B52F8044BCC40EAE733
S3150001E4602B46EDE7A0F13003092B02D82038C0B2C4
S3150001E4707047A0F16103052B01D84738F7E7A0F1F2
S3150001E4804103052B01D82738F1E70020704700002A
S3150001E4902DE9F04F8BB08A460693B64B02901B6866
S3150001E4A0039318469046EEF773FE039B01900344CF
S3150001E4B04FF0000B13F8013C0793DAF800300233F2
S3150001E4C01F4613F8010B30286CD0FFF7CBFF04462B
S3150001E4D000286AD1019A0399384600F0C1FA00284A
S3150001E4E066D1019BF85CFE18FFF7BCFF002862D0DD
S3150001E4F03346187830281F4603F10103F9D0FFF798
S3150001E500B1FFB0FA80F56D0934464FF0010B3A467A
S3150001E510164601323078FFF7A5FF0028F8D1019A97
S3150001E5200399304600F09CFA50B954B9019BF4188E
S3150001E5302246164601323078FFF794FF0028F8D1BB
S3150001E5400CB1A41BA4003378502B01D0702B40D101
S3150001E55073782B2B35D02D2B2FD0711C4FF0000942
S3150001E5600878FFF77FFF431EDBB2182B31D8A0F1E5
S3150001E570100211F8010FFFF775FF431EDBB2182BCE
S3150001E58022D9B9F1000F00D052421444CAF8001042
S3150001E5900DB3BBF1000F14BF0027062738460BB099
S3150001E5A0BDE8F08F0BF1010B8AE700252C46AEE79B
S3150001E5B03E460125C7E70446FBE74FF00109B11CBA
S3150001E5C0CEE74FF00009FAE70A2303FB0202103AED
S3150001E5D0CFE73146DAE7F31B013B2946072B49DC36
S3150001E5E00298FEF7D7F8019B00F114094FF0000BD2
S3150001E5F0C3F101030546CDF81090DA460893B742F8
S3150001E6003BD3049840F804ABA0EB090080102861C5
S3150001E61047015046FEF765F9D8F800603F1AB74240
S3150001E62064DDBF1B39462846FEF755FC824678B1A4
S3150001E6307B1E591103F01F024FF0010A59F82110F0
S3150001E6400AFA02F20A4203D0534546DC4FF0020AA7
S3150001E65039462846FFF7D1FE3C44D8F808309C429B
S3150001E66052DD29460298FEF7BAF8149A0023136080
S3150001E670A32793E701315B10B0E7731E0593079A51
S3150001E68016F8013C934218D0BBF1200F07D1049B29
S3150001E690C3F800A004334FF0000A0493D34616F8DA
S3150001E6A0010CFFF7DFFE00F00F0000FA0BF04AEA5B
S3150001E6B0000A0BF1040B059B0DE0059B089A134418
S3150001E6C09F42E1D81846019A0399099300F0C8F9C7
S3150001E6D0099B0028D8D11E4691E7B91E2846FEF7A8
S3150001E6E0FAFB0028B2D04FF0030AB1E709DAF71BAB
S3150001E6F029463A460298FEF719FAE41B054600F147
S3150001E70014094FF0000AA8E7D8F8040084426CDA2D
S3150001E710041BA64230DCD8F80C30022B22D0032B86
S3150001E72024D0012B15D1A64213D1012E0BDC069A5A
S3150001E730D8F80430136001232B61C9F80030149B0B
S3150001E74062271D602AE7711E2846FEF7C4FB0028D2
S3150001E750EDD129460298FEF742F8149A0023136078
S3150001E76050271BE7159B002BE1D0F2E7159B002BE9
S3150001E770DDD1EEE7304B0200671EBAF1000F31D151
S3150001E78027B139462846FEF7A6FB82467A110123B0
S3150001E79007F01F0703FA07F759F8223021461F42EF
S3150001E7A0284618BF4AF0020A361BFFF726FED8F89C
S3150001E7B004400227BAF1000F45D0D8F80C30022BDD
S3150001E7C015D0032B17D0012B09D11AF0020F06D051
S3150001E7D0D9F800304AEA030A1AF0010F0ED147F0C0
S3150001E7E0100730E04FF0010AD0E70127E2E7159B59
S3150001E7F0C3F101031593159B002BF0D0D5F81090AA
S3150001E80005F114034FEA890A03EB0A0100201A688D
S3150001E810B2F1FF3F1CD001321A60022F05F1140339
S3150001E82038D1D8F80020013A96420AD17111012255
S3150001E83006F01F0653F8213002FA06F61E4218BFEB
S3150001E840174647F02007149B1D60069B1C60A5E632
S3150001E85043F8040B9942DAD8AB68994512DB69682B
S3150001E86002980131FDF796FF2A69023205F10C0182
S3150001E870834692000C30F9F75BFD29460298FDF7B5
S3150001E880AEFF5D462B695A1C05EB83032A61012203
S3150001E8905A61C2E72A6991450BDA01212846FFF739
S3150001E8A0ACFDD8F8083001349C423FF7DAAE0127B7
S3150001E8B0C7E716F01F06FAD09A44C6F120065AF8A1
S3150001E8C0040CFEF70EF8B042E7DBF0E7C2F10802EE
S3150001E8D0920070B5C2F120064368046803FA06F592
S3150001E8E02C43D340046040F8043F8842F4D370BD02
S3150001E8F030B5036811F8014B013314B903600120E7
S3150001E90030BD1A78A2F14105192D98BF2032A242D5
S3150001E910F0D0002030BD2DE9F04F0B6801685F1182
S3150001E92002EB870713F01F0387B018BF04370025D2
S3150001E9303E1F82469046029347F8045CB146344630
S3150001E9400195AB464A784B1C039342B31046059199
S3150001E9500492FFF787FD002843D1049A0599202ADE
S3150001E96018D8019B9B4513DD4C4506D2072D04DCC7
S3150001E9702A4649462046FFF7A9FF444544D90023C4
S3150001E980A4F1040944F8043CCDF804B04C461D46F4
S3150001E9900399D7E7292A4AD10231CAF80010BBF1F7
S3150001E9A0000F44D04C4506D2072D04DC2A464946C1
S3150001E9B02046FFF78BFF444528D9434654F8042BDC
S3150001E9C043F8042BA642F9D2002243F8042B9E42B7
S3150001E9D0FBD233681BB9464527D101233360052095
S3150001E9E026E00135082D0BF1010B06DD4445CFD993
S3150001E9F0002344F8043C0125043C226800F00F0082
S3150001EA0040EA02102060C3E70825C1E7029B002BFC
S3150001EA10DFD04FF0FF32C3F1200322FA03F357F898
S3150001EA20042C1A4047F8042CD3E7043ED1E704200E
S3150001EA3007B0BDE8F08F0000FF289DBF024BC05C08
S3150001EA4000F0080000207047C948020000000000DD
S3150001EA509FED010B704700BF000000000000F87F2A
S3150001EA6010B56AB10139841810F8013B11F8012F6C
S3150001EA70934203D1A04201D0002BF5D1981A10BDC3
S3150001EA80104610BDF8B50D461446064618B1836BFF
S3150001EA900BB9F8F7FBFFA369A360A389190728D56A
S3150001EAA0236933B3B4F90C30EDB29A042F462AD553
S3150001EAB023692068C01A6369984204DB21463046FF
S3150001EAC0F8F7A8FFD8B9A368013BA36023685A1CCD
S3150001EAD022601D7063690130984204D0A389DB0767
S3150001EAE00FD50A2D0DD121463046F8F793FF40B1D7
S3150001EAF005E021463046FCF7ABFD0028D2D04FF0A9
S3150001EB00FF373846F8BD43F40053A381236E23F43F
S3150001EB1000532366CCE70000F0B5094C85B00546E5
S3150001EB201E46D4F8E04009B90A4601A9A047431C8C
S3150001EB3001BF002333608A232B6005B0F0BD00BFFF
S3150001EB405892FF1F0000000051EC100B2DE9F04117
S3150001EB50C1F30A57A7F2FF36132E10EE108A0C46A0
S3150001EB6010EE105A35DC002E17DA35A3D3E900234F
S3150001EB70EDF77AFC00220023EEF7BCF850B1002C29
S3150001EB805ADA24F0004353EA08032F4B4FF00005ED
S3150001EB9018BF1C462146284625E02C4F374101EA7D
S3150001EBA0070303431FD026A3D3E90023EDF75CFC3B
S3150001EBB000220023EEF79EF80028EBD0002CBEBF02
S3150001EBC04FF4801343FA06F6A41924EA0704002534
S3150001EBD0E0E7332E0BDDB6F5806F04D110EE102A77
S3150001EBE00B46EDF741FC41EC100BBDE8F081A7F2B5
S3150001EBF013474FF0FF3323FA07F73842F3D010A338
S3150001EC00D3E90023EDF730FC00220023EEF772F87A
S3150001EC100028BFD0002C02DA142E03D1013425EAD4
S3150001EC200705B7E70123C6F1340603FA06F63544AC
S3150001EC30A84588BFE418F2E700252C46AAE700BFDD
S3150001EC409C7500883CE4377E0000F0BFFFFF0F0093
S3150001EC50024B58221A604FF0FF307047900F002088
S3150001EC60024B58221A604FF0FF307047900F002078
S3150001EC70024B58221A600020704700BF900F0020F7
S3150001EC80024B58221A604FF0FF307047900F002058
S3150001EC90024B58221A604FF0FF307047900F002048
S3150001ECA0044B1968024609B90349196018680244F8
S3150001ECB01A607047940F0020980F0020024B5822CB
S3150001ECC01A604FF0FF307047900F0020FEE70000FA
S3150001ECD0000000000000000000000000000000002D
S3150001ECE0000000000000000000000000000000001D
S3150001ECF0000000000000000000000000000000000D
S3150001ED0000000000000000000000000000000000FC
S3150001ED1000000000000000000000000000000000EC
S3150001ED200000730032002100610049004A004B00D7
S3150001ED304C004D003D000000240025002B0036004C
S3150001ED403100000020000000380039003A0026009A
S3150001ED5000003B0027005A00660037002C002D00FA
S3150001ED602E0040006A006B006C00000000000000ED
S3150001ED7000000000000000000000000000FCAC06DE
S3150001ED80007E5603003FAB0100FCAC06007E560335
S3150001ED90003FAB0100FCAC06007E5603003FAB0111
S3150001EDA0000000000000000000000000000000005C
S3150001EDB0000000000000000000FCAC06007E5603C7
S3150001EDC0003FAB0100000000000000000000000051
S3150001EDD000B4C404006CDC02B0F3960100B4C404B0
S3150001EDE0006CDC02B0F3960100B4C404006CDC02D2
S3150001EDF0B0F39601000000000000000000000000D2
S3150001EE0000000000000000000000000000B4C4047F
S3150001EE10005A6202B0F396010000000000000000F3
S3150001EE200000000000093D0000093D0040420F00BE
S3150001EE3000093D0000093D0040420F0000093D0068
S3150001EE4000093D0040420F000000000000000000E4
S3150001EE5000000000000000000000000000000000AB
S3150001EE6000093D0000093D0040420F00000000007E
S3150001EE70000000000000000000000000000000008B
S3150001EE800000000000000000000000414141414136
S3150001EE90000000000020202020202020202020002B
S3150001EEA040404040400080004848484800303030EB
S3150001EEB03030303030363030300000000040024013
S3150001EEC00050024000B00240008003400090034021
S3150001EED000A00340006002403C3D3E3F6363646422
S3150001EEE06565666669696A6A6B6B6C6C6F6F707073
S3150001EEF0717172727575767677777878686E747ACD
S3150001EF002D2C000000A0064000B0064000C00640BF
S3150001EF104A4B4C001F2123000000000000000000A6
S3150001EF2000000000000000000000000000000000DA
S3150001EF300000000000000000000000000000000CBE
S3150001EF40000C000C000C000C000C000C000C000C5A
S3150001EF50000C000C0000000C000C0000000000007A
S3150001EF600000001B001B001B001B001B0000000013
S3150001EF70000000000000000000000000000000008A
S3150001EF800000000000008019801980198019C07FD7
S3150001EF90C07F80190033C07FC07F00330033003348
S3150001EFA000330000000000000000001E003F8075D5
S3150001EFB080650074003C001E000780058065806541
S3150001EFC08075003F001E0004000400000000007070
S3150001EFD000D840D8C0D880D900730006000C801B29
S3150001EFE0C036C066C046C0068003000000000000AF
S3150001EFF00000001E003F003300330033001E000CEA
S3150001F000C03CC066806380618063C03E801C000096
S3150001F010000000000000000C000C000C000C000CAD
S3150001F02000000000000000000000000000000000D9
S3150001F030000000000000000080000001000300063F
S3150001F04000060004000C000C000C000C000C000C67
S3150001F05000040006000600030001800000200010E5
S3150001F0600018000C000C000400060006000600064D
S3150001F070000600060004000C000C00180010002019
S3150001F0800000000C002D003F001E003300000000B0
S3150001F0900000000000000000000000000000000069
S3150001F0A000000000000000000000000C000C000C35
S3150001F0B0000CC0FFC0FF000C000C000C000C00008F
S3150001F0C00000000000000000000000000000000039
S3150001F0D00000000000000000000000000000000029
S3150001F0E00000000C000C00040004000800000000F1
S3150001F0F00000000000000000000000000000001EEB
S3150001F100001E0000000000000000000000000000DA
S3150001F11000000000000000000000000000000000E8
S3150001F12000000000000000000000000C000C0000C0
S3150001F13000000000000000030003000300060006B3
S3150001F14000060006000C000C000C000C001800184C
S3150001F15000180000000000000000001E003F003300
S3150001F160806180618061806D806D80618061806178
S3150001F1700033003F001E00000000000000000006F2
S3150001F180000E001E003600260006000600060006D8
S3150001F190000600060006000600060000000000004A
S3150001F1A00000001E003F80738061806180010003C2
S3150001F1B00006000C001800300060807F807F000090
S3150001F1C0000000000000001C003E00630063000315
S3150001F1D0000E000E00038001800180618073003FF4
S3150001F1E0001E00000000000000000006000E000ED8
S3150001F1F0001E001E0016003600360066807F807FE6
S3150001F2000006000600060000000000000000007F66
S3150001F210007F006000600060006E007F80638001F7
S3150001F220800180618073003F001E00000000000025
S3150001F2300000001E003F803380610060006E007F89
S3150001F24080738061806180618033003F001E000011
S3150001F250000000000000807F807F80010003000322
S3150001F26000060006000C000C000C0008001800182F
S3150001F27000180000000000000000001E003F80632F
S3150001F280806180610021001E003F80618061806194
S3150001F2908061003F001E0000000000000000001E0B
S3150001F2A0003F00738061806180618073803F801DB3
S3150001F2B0800180610073003F001E00000000000015
S3150001F2C000000000000000000000000C000C00001F
S3150001F2D000000000000000000000000C000C00000F
S3150001F2E00000000000000000000000000000000017
S3150001F2F0000C000C00000000000000000000000CE3
S3150001F300000C0004000400080000000000000000DA
S3150001F31080008003000E003800600038000E800374
S3150001F3208000000000000000000000000000000056
S3150001F330000000000000807F807F00000000807FC9
S3150001F340807F0000000000000000000000000000B7
S3150001F350000000000000000000400070001C0007D3
S3150001F36080010007001C0070004000000000000042
S3150001F370000000000000001F803FC071C060C00097
S3150001F380C00180030007000E000C000C0000000CF9
S3150001F390000C0000000000000000001E003F80314C
S3150001F3A080718063806F806D806D806F8067006083
S3150001F3B00032003E001C0000000000000000000EAC
S3150001F3C0000E001B001B001B001B80318031803F9B
S3150001F3D0803F8031C060C060C06000000000000056
S3150001F3E00000007C007E0063006300630063007E12
S3150001F3F0007E0063806180618063007F007E000083
S3150001F400000000000000001E003F803180610060A6
S3150001F4100060006000600060006080618031003F34
S3150001F420001E0000000000000000007C007F006359
S3150001F4308063806180618061806180618061006339
S3150001F4400063007E007C0000000000000000807F59
S3150001F450807F0060006000600060007F007F0060C8
S3150001F460006000600060807F807F00000000000077
S3150001F4700000807F807F0060006000600060007F88
S3150001F480007F0060006000600060006000600000B6
S3150001F490000000000000001E003F80318061006016
S3150001F4A00060006080638063806180618031803F9D
S3150001F4B0001E000000000000000080618061806184
S3150001F4C0806180618061807F807F806180618061F1
S3150001F4D08061806180610000000000000000003F43
S3150001F4E0003F000C000C000C000C000C000C000C82
S3150001F4F0000C000C000C003F003F00000000000063
S3150001F500000080018001800180018001800180016D
S3150001F51080018001806180618073003F001E0000D0
S3150001F520000000000000C0608061006300660066A4
S3150001F530006C0078007C0066006600638061806173
S3150001F540C060000000000000000000600060006074
S3150001F55000600060006000600060006000600060A4
S3150001F5600060807F807F0000000000000000C07105
S3150001F570C071C07BC07AC06AC06AC06EC064C06018
S3150001F580C060C060C060C060C060000000000000D4
S3150001F590000080718071807980798079806D806DBD
S3150001F5A0806D806580678067806780638063000007
S3150001F5B0000000000000001E003F003380618061F2
S3150001F5C08061806180618061806180610033003F7C
S3150001F5D0001E0000000000000000007E007F806326
S3150001F5E08061806180618063007F007E00600060D1
S3150001F5F00060006000600000000000000000001EC6
S3150001F600003F00338061806180618061806180613B
S3150001F610806580670033803F401E000000000000C7
S3150001F6200000007E007F8063806180618063007FCF
S3150001F630007E00660063006380618061C060000037
S3150001F640000000000000000E001F803180310030F4
S3150001F6500038001E00078003806180618031003F11
S3150001F660001E0000000000000000C0FFC0FF000CEB
S3150001F670000C000C000C000C000C000C000C000C23
S3150001F680000C000C000C000000000000000080616E
S3150001F690806180618061806180618061806180615B
S3150001F6A0806180618073003F001E00000000000041
S3150001F6B00000C060C060C060803180318031001BB5
S3150001F6C0001B001B001B000E000E000E00040000B4
S3150001F6D0000000000000C0C0C0C0C0C0C0C0C0C0A3
S3150001F6E0C0CC804C804C805E805280528073806199
S3150001F6F080610000000000000000C0C080608061E1
S3150001F7000033003B001E000C000C001E001F003BD6
S3150001F71080718061C0C00000000000000000C0C010
S3150001F7208061806100330033001E001E000C000C56
S3150001F730000C000C000C000C000C00000000000086
S3150001F7400000803F803F8001000300030006000C9B
S3150001F750000C0018001800300060807F807F0000D8
S3150001F76000000000000F000F000C000C000C000C44
S3150001F770000C000C000C000C000C000C000C000C22
S3150001F780000C000C000F000F0000001800180018F4
S3150001F790000C000C000C000C00060006000600061A
S3150001F7A0000300030003000000000000001E001E0D
S3150001F7B00006000600060006000600060006000612
S3150001F7C0000600060006000600060006001E001ED2
S3150001F7D00000000C000C001E001200330033806193
S3150001F7E08061000000000000000000000000000031
S3150001F7F00000000000000000000000000000000002
S3150001F80000000000000000000000000000000000F1
S3150001F81000000000E0FF0000000000380018000CA6
S3150001F82000000000000000000000000000000000D1
S3150001F83000000000000000000000000000000000C1
S3150001F840000000000000001F803F80618001801FD2
S3150001F850803F80618063807FC03800000000000027
S3150001F86000000060006000600060006E007F807331
S3150001F87080618061806180618073007F006E00001D
S3150001F8800000000000000000000000000000001E53
S3150001F890003F807380610060006080618073003F7B
S3150001F8A0001E0000000000000000800180018001B0
S3150001F8B08001801D803F80738061806180618061ED
S3150001F8C08073803F801D00000000000000000000E2
S3150001F8D0000000000000001E003F00738061807F71
S3150001F8E0807F00608071003F001E00000000000064
S3150001F8F00000C007C00F000C000C807F807F000C49
S3150001F900000C000C000C000C000C000C000C00009C
S3150001F910000000000000000000000000801D803F84
S3150001F920807380618061806180618073803F801D0A
S3150001F93080018063007F003E00000060006000607F
S3150001F9400060006F807F807180618061806180616D
S3150001F95080618061806100000000000000000006F7
S3150001F960000600000000003E003E000600060006FC
S3150001F9700006000600060006000600000000000062
S3150001F9800006000600000000003E003E00060006DC
S3150001F99000060006000600060006000600060046F0
S3150001F9A0007E003C00000060006000600060806135
S3150001F9B000630066006C007C007600630063806172
S3150001F9C0C0600000000000000000003E003E00068E
S3150001F9D000060006000600060006000600060006F0
S3150001F9E000060006000600000000000000000000FE
S3150001F9F000000000000080DDC0FFC0CEC0CCC0CC3E
S3150001FA00C0CCC0CCC0CCC0CCC0CC00000000000033
S3150001FA1000000000000000000000006F807F807180
S3150001FA2080618061806180618061806180610000A8
S3150001FA300000000000000000000000000000001EA1
S3150001FA40003F807380618061806180618073003FC7
S3150001FA50001E000000000000000000000000000081
S3150001FA60006E007F80738061806180618061807338
S3150001FA70007F006E00600060006000600000000012
S3150001FA8000000000801D803F80738061806180617D
S3150001FA9080618073803F801D80018001800180012B
S3150001FAA0000000000000000000000067803F0039F0
S3150001FAB000300030003000300030003000300000EF
S3150001FAC00000000000000000000000000000001E11
S3150001FAD0803F80610060007F803F80018061007F00
S3150001FAE0001E0000000000000000000000080018D1
S3150001FAF00018007F007F0018001800180018001871
S3150001FB000018801F800F00000000000000000000A8
S3150001FB100000000000008061806180618061806179
S3150001FB20806180618063807F803D0000000000006D
S3150001FB3000000000000000000000C060803180313C
S3150001FB408031001B001B001B000E000E000600008A
S3150001FB50000000000000000000000000000080DD41
S3150001FB6080DD80DD005500550055007700770022C5
S3150001FB70002200000000000000000000000000005C
S3150001FB800000806100330033001E000C000C001ED3
S3150001FB900033003380610000000000000000000017
S3150001FBA00000000080618061803100330033001B5A
S3150001FBB0001B001B000E000E000E001C007C0070D6
S3150001FBC000000000000000000000C07FC07F80012F
S3150001FBD000030006000C00180030C07FC07F000043
S3150001FBE000000000800380070006000600060006EC
S3150001FBF00006000E001C001C000E00060006000692
S3150001FC0000060006800780030006000600060006BF
S3150001FC1000060006000600060006000600060006AD
S3150001FC200006000600060006000600060038003C35
S3150001FC30000C000C000C000C000C000E0007000765
S3150001FC40000E000C000C000C000C000C003C0038EF
S3150001FC5000000000000000000000000000008038E5
S3150001FC60807F004700000000000000000000000047
S3150001FC70000000000000000000000000000000007D
S3150001FC80000000000000000000000000000000006D
S3150001FC9000000000001000100010001000100010FD
S3150001FCA0001000100000000000100000000000001D
S3150001FCB000000018001800180000000000000000F5
S3150001FCC0000000000000000000000000000000002D
S3150001FCD0800480048004C01F000900090009C03F98
S3150001FCE00009001200120000000000000004000FCD
S3150001FCF0801080100010000800078000800080102E
S3150001FD008010000F0004000000000000001C4012DB
S3150001FD1080128012001D0001700290049004900868
S3150001FD20700000000000000000000006000900113C
S3150001FD300012000C000C40124011C0108010600F20
S3150001FD40000000000000000000200020002000004C
S3150001FD50000000000000000000000000000000009C
S3150001FD600000000000040008001000100010001040
S3150001FD700010001000100010001000100010000804
S3150001FD800004002000100008000800080008000414
S3150001FD900004000400080008000800080010002004
S3150001FDA00000000800080029001E001400120000CF
S3150001FDB0000000000000000000000000000000003C
S3150001FDC0000000000004000400040004C03F000419
S3150001FDD00004000400040000000000000000000010
S3150001FDE0000000000000000000000000000000000C
S3150001FDF000000010001000100000000000000000CC
S3150001FE000000000000000000003C000000000000AF
S3150001FE1000000000000000000000000000000000DB
S3150001FE2000000000000000000000000000000010BB
S3150001FE3000000000000000000002000200040004AF
S3150001FE40000400080008000800100010001000104F
S3150001FE50000000000000000F80108010801080104C
S3150001FE6080108010801080108010000F00000000AC
S3150001FE70000000000006001A000200020002000253
S3150001FE800002000200020002000200000000000061
S3150001FE900000000F801080108000000100010002A8
S3150001FEA0000400080010801F000000000000000090
S3150001FEB0000F801080108000800000078001800004
S3150001FEC080108010000F00000000000000000001FB
S3150001FED00003000500050009000900110021C03FCB
S3150001FEE0000100010000000000000000800F00106A
S3150001FEF000100010000F8010800080008010800824
S3150001FF00000700000000000000000003000C0010C4
S3150001FF100010001F80108010801080108010000FCC
S3150001FF200000000000000000803F80000001000189
S3150001FF30000100020002000400040008000800009D
S3150001FF40000000000000000F80108010801080105B
S3150001FF50000F8019801080108010000F0000000033
S3150001FF6000000000000F80108010801080108010AB
S3150001FF70800F800080000001000E000000000000DC
S3150001FF80000000000000000000100000000000005A
S3150001FF90000000000000001000000000000000004A
S3150001FFA0000000000000001000000000000000003A
S3150001FFB0000000000010001000100000000000000A
S3150001FFC00000000080000003000C0010000C00037C
S3150001FFD0800000000000000000000000000000009A
S3150001FFE000000000801F00000000801F00000000CC
S3150001FFF000000000000000000000000000000000FA
S315000200000010000C000380000003000C001000002A
S315000200100000000000000000000E001100110001A7
S3150002002000010002000400040000000000040000B9
S315000200300000000000000000F0010C060408E210B7
S3150002004022112212221222122412DC11000820048A
S31500020050C00300000006000600050009000980082A
S315000200608010800F40104020202000000000000079
S315000200700000801F8010401040108010001FC0102A
S31500020080401040104010801F0000000000000000D9
S315000200908007400820100010001000100010001009
S315000200A02010400880070000000000000000800FBA
S315000200B04008400820082008200820082008400898
S315000200C04008800F0000000000000000C00F00087A
S315000200D0000800080008800F000800080008000851
S315000200E0C00F0000000000000000C00F000800085A
S315000200F000080008800F0008000800080008000831
S3150002010000000000000000008007400820100010D8
S3150002011000100010E011201020102008C007000077
S3150002012000000000000020082008200820082008FF
S31500020130E00F200820082008200820080000000000
S315000201400000000000080008000800080008000877
S31500020150000800080008000800080000000000006F
S315000201600000800080008000800080008000800007
S31500020170801080100011000E000000000000000038
S31500020180600880080009000A000C000A000A00093B
S315000201908008400820080000000000000000000857
S315000201A00008000800080008000800080008000807
S315000201B00008800F00000000000000000808080880
S315000201C01808180C280C280C280A480A4809880915
S315000201D08808000000000000000020082008200C0B
S315000201E0200C200A20092009A008600860082008BF
S315000201F000000000000000008007400820102010C8
S315000202002010201020102010201040088007000027
S31500020210000000000000801F4010401040104010F7
S315000202204010801F00100010001000100000000097
S315000202300000000080074008201020102010201027
S3150002024020102010201040088007400020000000E7
S315000202500000800F40084008400840088008000F50
S315000202608008800840082008000000000000000006
S31500020270800F401040100010000E80034000400026
S3150002028040104010800F0000000000000000E03F18
S315000202900002000200020002000200020002000246
S315000202A000020002000000000000000020102010E2
S315000202B0201020102010201020102010201040089E
S315000202C080070000000000000000202040204010AF
S315000202D0801080108008000900090005000600064B
S315000202E000000000000000008210C21042114411FA
S315000202F024112409240A280A180A080408040000FA
S31500020300000000000000402080108008000900065E
S31500020310000200050009800840106020000000006D
S3150002032000000000602040108010800800090006CE
S3150002033000020002000200020002000000000000AB
S315000203400000C01F800080000001000200020004BD
S31500020350000800100010C01F000000000000001876
S315000203600010001000100010001000100010001005
S3150002037000100010001000100018000000000020FD
S315000203800020001000100008000800080004000405
S3150002039000040002000200000000006000200020AD
S315000203A00020002000200020002000200020002045
S315000203B0002000200060000000000008000C00146D
S315000203C00012001200000000000000000000000001
S315000203D00000000000000000000000000000000015
S315000203E00000000000000000000000000000007E87
S315000203F000000000000000100008000000000000DD
S3150002040000000000000000000000000000000000E4
S3150002041000000000000000000000000F80108000B5
S31500020420800F801080108011800E000000000000F6
S315000204300000001000100010001F801080108010B5
S31500020440801080108010001F0000000000000000D5
S31500020450000000000000000F801080100010001045
S3150002046000108010000F0000000000000000800055
S3150002047080008000800F8010801080108010801015
S315000204808010800F00000000000000000000000045
S315000204900000000F80108010801F0010001000085E
S315000204A0800700000000000000060008001000108F
S315000204B0001C0010001000100010001000100010A8
S315000204C00000000000000000000000000000800F95
S315000204D0801080108010801080108010800F8000A5
S315000204E00011000F00000010001000100017801805
S315000204F08010801080108010801080100000000094
S3150002050000000000001000000000001000100010A3
S315000205100010001000100010001000000000000083
S315000205200000002000000000002000200020002023
S3150002053000200020002000200020002000C0000033
S315000205400010001000108011001200140018001490
S3150002055000120011801000000000000000000010D0
S315000205600010001000100010001000100010001003
S315000205700010001000000000000000000000000053
S3150002058000003817C4188410841084108410841054
S3150002059084100000000000000000000000000000BF
S315000205A00017801880108010801080108010801034
S315000205B00000000000000000000000000000000F24
S315000205C0801080108010801080108010000F0000B4
S315000205D0000000000000000000000000001F801064
S315000205E080108010801080108010001F00100010F4
S315000205F000100000000000000000800F8010801034
S315000206008010801080108010800F80008000800093
S315000206100000000000000000001600180010001084
S315000206200010001000100010000000000000000082
S31500020630000000000000000E00110010000C000374
S3150002064000010011000E0000000000000000000082
S3150002065000100010003C00100010001000100010E6
S315000206600010000C00000000000000000000000066
S315000206700000801080108010801080108010801082
S31500020680800F0000000000000000000000000000D3
S3150002069080200021001100120012000A000C000442
S315000206A00000000000000000000000000000182109
S315000206B010231013A012A014A014600C400800000E
S315000206C0000000000000000000000000802100126F
S315000206D0000A000C000C000A001180210000000034
S315000206E00000000000000000000080200021001130
S315000206F000120012000A000C000400040008001890
S315000207000000000000000000001F000100020004BB
S31500020710000800100010801F000000000000000604
S315000207200008000800080008000800080010000879
S315000207300008000800080008000800060000001073
S315000207400010001000100010001000100010001021
S315000207500010001000100010000000200010001011
S315000207600008000800080008000400080008000845
S315000207700008001000100020000000000000000029
S3150002078000000000200C2013C01100000000000031
S315000207900000000000000000000000000000000051
S315000207A00000000000000000000000000000000041
S315000207B00000000000000000000000000000000031
S315000207C00000000000000000800380038003800315
S315000207D080038003800380038003800380038003F9
S315000207E000000000000000000000000080038003FB
S315000207F08003000000000000701C701C701C701C3E
S31500020800701C701C701C701C701C00000000000024
S3150002081000000000000000000000000000000000D0
S315000208200000000000000000701C701C701C701C90
S31500020830701C701CFEFFFEFFFEFF701C701C701CFD
S31500020840FEFFFEFFFEFF701C701C701C701C701CED
S31500020850701C000000000000800380038003FE1F5E
S31500020860FE1FFE1F80E380E380E3F01FF01FF01FF0
S315000208708E038E038E03F0FFF0FFF0FF80038003EA
S31500020880800300000000000000FC00FC00FC0EFCDF
S315000208900EFC0EFC70007000700080038003800363
S315000208A0001C001C001C7EE07EE07EE07E007E00D6
S315000208B07E00000000000000801F801F801F70E085
S315000208C070E070E080E380E380E3001C001C001C03
S315000208D08EE38EE38EE370E070E070E08E1F8E1F73
S315000208E08E1F000000000000F003F003F00370000A
S315000208F07000700080038003800300000000000087
S3150002090000000000000000000000000000000000DF
S3150002091000000000000000007000700070008003FC
S3150002092080038003001C001C001C001C001C001C11
S31500020930001C001C001C80038003800370007000F2
S315000209407000000000000000001C001C001C800358
S3150002095080038003700070007000700070007000E9
S31500020960700070007000800380038003001C001C6E
S31500020970001C0000000000000000000000008003D0
S31500020980800380038EE38EE38EE3F01FF01FF01FD9
S315000209908EE38EE38EE38003800380030000000073
S315000209A000000000000000000000000000008003BC
S315000209B080038003800380038003FEFFFEFFFEFFA9
S315000209C0800380038003800380038003000000000D
S315000209D0000000000000000000000000000000000F
S315000209E000000000000000000000000000000000FF
S315000209F0F003F003F00370007000700080038003C0
S31500020A00800300000000000000000000000000005B
S31500020A1000000000000000000000FEFFFEFFFEFFD7
S31500020A2000000000000000000000000000000000BE
S31500020A3000000000000000000000000000000000AE
S31500020A40000000000000000000000000000000009E
S31500020A50000000000000F003F003F003F003F003CF
S31500020A60F0030000000000000000000000000E007D
S31500020A700E000E0070007000700080038003800379
S31500020A80001C001C001C00E000E000E0000000006A
S31500020A900000000000000000F01FF01FF01F0EE033
S31500020AA00EE00EE07EE07EE07EE08EE38EE38EE3F5
S31500020AB00EFC0EFC0EFC0EE00EE00EE0F01FF01F28
S31500020AC0F01F000000000000800380038003801FE7
S31500020AD0801F801F800380038003800380038003BE
S31500020AE0800380038003800380038003F01FF01FCE
S31500020AF0F01F000000000000F01FF01FF01F0EE0C4
S31500020B000EE00EE00E000E000E0070007000700087
S31500020B10800380038003001C001C001CFEFFFEFFF6
S31500020B20FEFF000000000000FEFFFEFFFEFF700059
S31500020B3070007000800380038003700070007000F4
S31500020B400E000E000E000EE00EE00EE0F01FF01F8B
S31500020B50F01F000000000000700070007000F0033B
S31500020B60F003F003701C701C701C70E070E070E003
S31500020B70FEFFFEFFFEFF7000700070007000700046
S31500020B807000000000000000FEFFFEFFFEFF00E016
S31500020B9000E000E0F0FFF0FFF0FF0E000E000E0096
S31500020BA00E000E000E000EE00EE00EE0F01FF01F2B
S31500020BB0F01F000000000000F003F003F003001C29
S31500020BC0001C001C00E000E000E0F0FFF0FFF0FF78
S31500020BD00EE00EE00EE00EE00EE00EE0F01FF01F5B
S31500020BE0F01F000000000000FEFFFEFFFEFF0EE009
S31500020BF00EE00EE00E000E000E0070007000700097
S31500020C0080038003800380038003800380038003C4
S31500020C108003000000000000F01FF01FF01F0EE02E
S31500020C200EE00EE00EE00EE00EE0F01FF01FF01FE9
S31500020C300EE00EE00EE00EE00EE00EE0F01FF01FFA
S31500020C40F01F000000000000F01FF01FF01F0EE072
S31500020C500EE00EE00EE00EE00EE0FE1FFE1FFE1F8F
S31500020C600E000E000E00700070007000801F801FC4
S31500020C70801F000000000000000000000000801F2E
S31500020C80801F801F801F801F801F00000000000041
S31500020C90801F801F801F801F801F801F0000000092
S31500020CA00000000000000000000000000000801F9D
S31500020CB0801F801F801F801F801F00000000000011
S31500020CC0801F801F801F800380038003001C001C7E
S31500020CD0001C00000000000070007000700080031D
S31500020CE080038003001C001C001C00E000E000E002
S31500020CF0001C001C001C800380038003700070002F
S31500020D00700000000000000000000000000000006B
S31500020D1000000000FEFFFEFFFEFF000000000000D4
S31500020D20FEFFFEFFFEFF00000000000000000000C4
S31500020D30000000000000000000E000E000E0001CEF
S31500020D40001C001C8003800380037000700070008A
S31500020D50800380038003001C001C001C00E000E0EE
S31500020D6000E0000000000000F01FF01FF01F0EE080
S31500020D700EE00EE00E000E000E0070007000700015
S31500020D8080038003800300000000000080038003CC
S31500020D908003000000000000F01FF01FF01F0EE0AD
S31500020DA00EE00EE00E000E000E008E1F8E1F8E1F2E
S31500020DB08EE38EE38EE38EE38EE38EE3F01FF01F67
S31500020DC0F01F000000000000800380038003701CF7
S31500020DD0701C701C0EE00EE00EE00EE00EE00EE05F
S31500020DE0FEFFFEFFFEFF0EE00EE00EE00EE00EE05E
S31500020DF00EE0000000000000F0FFF0FFF0FF0EE042
S31500020E000EE00EE00EE00EE00EE0F0FFF0FFF0FF67
S31500020E100EE00EE00EE00EE00EE00EE0F0FFF0FF58
S31500020E20F0FF000000000000F01FF01FF01F0EE0B0
S31500020E300EE00EE000E000E000E000E000E000E08E
S31500020E4000E000E000E00EE00EE00EE0F01FF01F12
S31500020E50F01F00000000000080FF80FF80FF70E0AE
S31500020E6070E070E00EE00EE00EE00EE00EE00EE046
S31500020E700EE00EE00EE070E070E070E080FF80FFB2
S31500020E8080FF000000000000FEFFFEFFFEFF00E004
S31500020E9000E000E000E000E000E0F0FFF0FFF0FF1D
S31500020EA000E000E000E000E000E000E0FEFFFEFF00
S31500020EB0FEFF000000000000FEFFFEFFFEFF00E056
S31500020EC000E000E000E000E000E0F0FFF0FFF0FFED
S31500020ED000E000E000E000E000E000E000E000E00A
S31500020EE000E0000000000000F01FF01FF01F0EE0FF
S31500020EF00EE00EE000E000E000E0FEE3FEE3FEE3CB
S31500020F000EE00EE00EE00EE00EE00EE0FE1FFE1F0B
S31500020F10FE1F0000000000000EE00EE00EE00EE0F4
S31500020F200EE00EE00EE00EE00EE0FEFFFEFFFEFF1C
S31500020F300EE00EE00EE00EE00EE00EE00EE00EE039
S31500020F400EE0000000000000F01FF01FF01F8003FB
S31500020F508003800380038003800380038003800371
S31500020F60800380038003800380038003F01FF01F49
S31500020F70F01F000000000000FE03FE03FE037000E7
S31500020F8070007000700070007000700070007000D9
S31500020F9070007000700070E070E070E0801F801FCB
S31500020FA0801F0000000000000EE00EE00EE070E080
S31500020FB070E070E080E380E380E300FC00FC00FC6C
S31500020FC080E380E380E370E070E070E00EE00EE024
S31500020FD00EE000000000000000E000E000E000E09B
S31500020FE000E000E000E000E000E000E000E000E0F9
S31500020FF000E000E000E000E000E000E0FEFFFEFFAF
S31500021000FEFF0000000000000EE00EE00EE07EFC97
S315000210107EFC7EFC8EE38EE38EE38EE38EE38EE32E
S315000210200EE00EE00EE00EE00EE00EE00EE00EE048
S315000210300EE00000000000000EE00EE00EE00EE002
S315000210400EE00EE00EFC0EFC0EFC8EE38EE38EE34B
S315000210507EE07EE07EE00EE00EE00EE00EE00EE0C8
S315000210600EE0000000000000F01FF01FF01F0EE06F
S315000210700EE00EE00EE00EE00EE00EE00EE00EE0F8
S315000210800EE00EE00EE00EE00EE00EE0F01FF01FA6
S31500021090F01F000000000000F0FFF0FFF0FF0EE07E
S315000210A00EE00EE00EE00EE00EE0F0FFF0FFF0FFC5
S315000210B000E000E000E000E000E000E000E000E028
S315000210C000E0000000000000F01FF01FF01F0EE01D
S315000210D00EE00EE00EE00EE00EE00EE00EE00EE098
S315000210E08EE38EE38EE370E070E070E08E1F8E1F5B
S315000210F08E1F000000000000F0FFF0FFF0FF0EE080
S315000211000EE00EE00EE00EE00EE0F0FFF0FFF0FF64
S3150002111080E380E380E370E070E070E00EE00EE0D2
S315000211200EE0000000000000F01FF01FF01F0EE0AE
S315000211300EE00EE000E000E000E0F01FF01FF01FFE
S315000211400E000E000E000EE00EE00EE0F01FF01F85
S31500021150F01F000000000000FEFFFEFFFEFF8003FE
S31500021160800380038003800380038003800380035F
S31500021170800380038003800380038003800380034F
S3150002118080030000000000000EE00EE00EE00EE01C
S315000211900EE00EE00EE00EE00EE00EE00EE00EE0D7
S315000211A00EE00EE00EE00EE00EE00EE0F01FF01F85
S315000211B0F01F0000000000000EE00EE00EE00EE060
S315000211C00EE00EE00EE00EE00EE00EE00EE00EE0A7
S315000211D00EE00EE00EE0701C701C701C8003800393
S315000211E080030000000000000EE00EE00EE00EE0BC
S315000211F00EE00EE00EE00EE00EE08EE38EE38EE3EE
S315000212008EE38EE38EE38EE38EE38EE3701C701C18
S31500021210701C0000000000000EE00EE00EE00EE082
S315000212200EE00EE0701C701C701C800380038003AD
S31500021230701C701C701C0EE00EE00EE00EE00EE05C
S315000212400EE00000000000000EE00EE00EE00EE0F0
S315000212500EE00EE00EE00EE00EE0701C701C701C3C
S31500021260800380038003800380038003800380035E
S315000212708003000000000000FEFFFEFFFEFF0E00DE
S315000212800E000E0070007000700080038003800361
S31500021290001C001C001C00E000E000E0FEFFFEFF58
S315000212A0FEFF000000000000F01FF01FF01F001CF0
S315000212B0001C001C001C001C001C001C001C001C46
S315000212C0001C001C001C001C001C001CF01FF01F50
S315000212D0F01F00000000000000000000000000E017
S315000212E000E000E0001C001C001C80038003800359
S315000212F07000700070000E000E000E00000000006C
S315000213000000000000000000F01FF01FF01F700038
S315000213107000700070007000700070007000700045
S31500021320700070007000700070007000F01FF01FF7
S31500021330F01F000000000000800380038003701C81
S31500021340701C701C0EE00EE00EE0000000000000B3
S315000213500000000000000000000000000000000085
S315000213600000000000000000000000000000000075
S315000213700000000000000000000000000000000065
S31500021380000000000000000000000000FEFFFEFF5B
S31500021390FEFF000000000000001C001C001C800371
S315000213A080038003700070007000000000000000DF
S315000213B00000000000000000000000000000000025
S315000213C00000000000000000000000000000000015
S315000213D000000000F01FF01FF01F0E000E000E00AE
S315000213E0FE1FFE1FFE1F0EE00EE00EE0FE1FFE1F9A
S315000213F0FE1F00000000000000E000E000E000E048
S3150002140000E000E0F0E3F0E3F0E30EFC0EFC0EFC7D
S315000214100EE00EE00EE00EE00EE00EE0F0FFF0FF52
S31500021420F0FF0000000000000000000000000000C5
S3150002143000000000F01FF01FF01F00E000E000E0D7
S3150002144000E000E000E00EE00EE00EE0F01FF01F0C
S31500021450F01F0000000000000E000E000E000E003D
S315000214600E000E008E1F8E1F8E1F7EE07EE07EE037
S315000214700EE00EE00EE00EE00EE00EE0FE1FFE1F96
S31500021480FE1F000000000000000000000000000037
S3150002149000000000F01FF01FF01F0EE00EE00EE04D
S315000214A0FEFFFEFFFEFF00E000E000E0F01FF01F7F
S315000214B0F01F000000000000F003F003F0030E1C12
S315000214C00E1C0E1C001C001C001C80FF80FF80FFEF
S315000214D0001C001C001C001C001C001C001C001C24
S315000214E0001C0000000000000000000000000000D8
S315000214F000000000FE1FFE1FFE1F0EE00EE00EE0C3
S31500021500FE1FFE1FFE1F0E000E000E00F01FF01F34
S31500021510F01F00000000000000E000E000E000E034
S3150002152000E000E0F0E3F0E3F0E30EFC0EFC0EFC5C
S315000215300EE00EE00EE00EE00EE00EE00EE00EE033
S315000215400EE000000000000080038003800300001C
S3150002155000000000800380038003801F801F801F1D
S31500021560800380038003800380038003F01FF01F43
S31500021570F01F0000000000000E000E000E0000002A
S31500021580000000007E007E007E000E000E000E00AF
S315000215900E000E000E000E1C0E1C0E1CF003F003B5
S315000215A0F00300000000000000E000E000E000E0C0
S315000215B000E000E070E070E070E080E380E380E34A
S315000215C000FC00FC00FC80E380E380E370E070E056
S315000215D070E0000000000000F003F003F00370006A
S315000215E07000700070007000700070007000700073
S315000215F0700070007000700070007000FE03FE0341
S31500021600FE030000000000000000000000000000D1
S315000216100000000070FC70FC70FC8EE38EE38EE32B
S315000216208EE38EE38EE38EE38EE38EE38EE38EE32A
S315000216308EE3000000000000000000000000000031
S3150002164000000000F0E3F0E3F0E30EFC0EFC0EFCFB
S315000216500EE00EE00EE00EE00EE00EE00EE00EE012
S315000216600EE0000000000000000000000000000084
S3150002167000000000F01FF01FF01F0EE00EE00EE06B
S315000216800EE00EE00EE00EE00EE00EE0F01FF01FA0
S31500021690F01F000000000000000000000000000033
S315000216A000000000F0FFF0FFF0FF0EE00EE00EE09B
S315000216B0F0FFF0FFF0FF00E000E000E000E000E0F5
S315000216C000E0000000000000000000000000000032
S315000216D0000000008E1F8E1F8E1F7EE07EE07EE0E1
S315000216E0FE1FFE1FFE1F0E000E000E000E000E0055
S315000216F00E000000000000000000000000000000D4
S3150002170000000000F0E3F0E3F0E30EFC0EFC0EFC3A
S3150002171000E000E000E000E000E000E000E000E0C1
S3150002172000E00000000000000000000000000000D1
S3150002173000000000F01FF01FF01F00E000E000E0D4
S31500021740F01FF01FF01F0E000E000E00F0FFF0FF5C
S31500021750F0FF000000000000001C001C001C001C22
S31500021760001C001C80FF80FF80FF001C001C001C68
S31500021770001C001C001C0E1C0E1C0E1CF003F003A9
S31500021780F00300000000000000000000000000005E
S31500021790000000000EE00EE00EE00EE00EE00EE0AD
S315000217A00EE00EE00EE07EE07EE07EE08E1F8E1FF3
S315000217B08E1F000000000000000000000000000074
S315000217C0000000000EE00EE00EE00EE00EE00EE07D
S315000217D00EE00EE00EE0701C701C701C800380038D
S315000217E0800300000000000000000000000000006E
S315000217F0000000000EE00EE00EE00EE00EE00EE04D
S315000218008EE38EE38EE38EE38EE38EE3701C701C12
S31500021810701C000000000000000000000000000034
S31500021820000000000EE00EE00EE0701C701C701C42
S31500021830800380038003701C701C701C0EE00EE097
S315000218400EE00000000000000000000000000000A2
S31500021850000000000EE00EE00EE00EE00EE00EE0EC
S31500021860FE1FFE1FFE1F0E000E000E00F01FF01FD1
S31500021870F01F000000000000000000000000000051
S3150002188000000000FEFFFEFFFEFF70007000700009
S31500021890800380038003001C001C001CFEFFFEFF69
S315000218A0FEFF000000000000700070007000800360
S315000218B080038003800380038003001C001C001C3D
S315000218C0800380038003800380038003700070001E
S315000218D07000000000000000800380038003800384
S315000218E080038003800380038003800380038003D8
S315000218F080038003800380038003800380038003C8
S315000219008003000000000000001C001C001C800375
S3150002191080038003800380038003700070007000E0
S31500021920800380038003800380038003001C001C65
S31500021930001C000000000000000000000000000083
S31500021940000000008E1F8E1F8E1F70E070E070E098
S31500021950000000000000000000000000000000007F
S31500021960000000000000000000000000000000006F
S31500021970000000000000000000000000000000005F
S31500021980000000000000000000000000000000004F
S31500021990000000000000000000000000E003E00379
S315000219A0E003E003E003E003E003E003C003C00357
S315000219B0C001C001C001C001C0010000000000005A
S315000219C0E003E003E0030000000000000000000066
S315000219D03C1E3C1E3C1E3C1E3C1E3C1E3C1E000089
S315000219E000000000000000000000000000000000EF
S315000219F000000000000000000000000000000000DF
S31500021A0000000000CE01CE03DE039E039C039C076A
S31500021A10FF3FFF7F3807380F780F780F780EFFFFEA
S31500021A20FFFFF01EF01CE01CE03CE03DE039000048
S31500021A300000000000000000FC03FE0FEE1FE01E87
S31500021A40E01EE01EE01EE01FE00FE007F003FC01CF
S31500021A50FE01FE01FE01FE01FE01FE01FE3DFC3F0E
S31500021A60F00FE001E001000000000000033E07F76E
S31500021A708FE78EE79EE3BCE3B8E7F8E7F0F7E03FCF
S31500021A80C001FF03FF07F307F30FF31EF33CF3381E
S31500021A90F3787FF03FE00000000000000000000045
S31500021AA0E007F80F780F781F781F781F780FF00F6E
S31500021AB0E00F801FC37FC3FBE7F3F7F1F7F0FFF0F8
S31500021AC07FF03EF87F7CFF3FEF1F00000000000022
S31500021AD000000000E003E003E003E003E003C003CC
S31500021AE0C00100000000000000000000000000002D
S31500021AF000000000000000000000000000000000DE
S31500021B0000000000000000003F007C00F001E00140
S31500021B10C003C00780078007800F000F000F000F69
S31500021B20000F000F000F800F80078007C007C00359
S31500021B30E001F0017C003F000F000000007E001F64
S31500021B40C007C003E001F001F000F000F8007800E1
S31500021B5078007800780078007800F800F000F0004D
S31500021B60F001E001C003C007001F007E00780000FC
S31500021B70E003C003C001CE39FF3F7F3F200370035D
S31500021B80F807780F3C1F380600000000000000002E
S31500021B90000000000000000000000000000000003D
S31500021BA0000000000000000000000000000000002D
S31500021BB0C001C001C001C001C001C001C001FFFFD8
S31500021BC0FFFFC001C001C001C001C001C001000089
S31500021BD000000000000000000000000000000000FD
S31500021BE000000000000000000000000000000000ED
S31500021BF000000000000000000000E003E003E00334
S31500021C00E003E001E001E001C00180030000000002
S31500021C1000000000000000000000000000000000BC
S31500021C200000FE3FFE3F0000000000000000000032
S31500021C30000000000000000000000000000000009C
S31500021C40000000000000000000000000000000008C
S31500021C50000000000000000000000000000000007C
S31500021C600000E003E003E003E003000000000000E0
S31500021C70000000000F000F001E001E003C003C008A
S31500021C8078007800F000F000E001E001C003C00334
S31500021C9080078007000F000F001E001E003C003C5C
S31500021CA00078007800F00000F007F80F7C1F3E3E37
S31500021CB01E3C1F7C1F7C0F780F780F780F780F78E9
S31500021CC00F780F781F7C1F7C1E3C3E3E7C1FF80F50
S31500021CD0F00700000000000000000000F000F0071E
S31500021CE0F03FF03FF001F001F001F001F001F001E8
S31500021CF0F001F001F001F001F001F001F001F00154
S31500021D00F001FF3FFF3F000000000000000000005E
S31500021D10E00FF83F7C3C3C003E003E003E003C00AB
S31500021D203C007C00F800F001E003C0078007000FCA
S31500021D30001E003E003CFE3FFE3F00000000000089
S31500021D4000000000F00FF81F7C1C3E003E003E0023
S31500021D503C003C00F800F00FF80F7C003E001E002D
S31500021D601E001E001E003E007C1CF81FE01F000025
S31500021D7000000000000000007800F800F800F801FA
S31500021D80F803F807F807780F781E781E783C7878FB
S31500021D907878FFFFFFFF78007800780078007800F7
S31500021DA0780000000000000000000000FC1FFC1F7D
S31500021DB0FC1F001E001E001E001E001EE01FF81F54
S31500021DC0FC007C003E003E001E003E003E003C0041
S31500021DD07C1CF81FE01F000000000000000000004D
S31500021DE0FC01FE078E0F001F001E003E003C003C59
S31500021DF0F83DFC3F3E7F1F7E0F3C0F3C0F3C0F3CE5
S31500021E000F3E1F1E3E1FFC0FF003000000000000E5
S31500021E1000000000FF3FFF3FFF3F0F001E001E00B5
S31500021E203C0038007800F000F000E001E001C00359
S31500021E30C0038007800F800F000F001F001F0000E5
S31500021E400000000000000000F807FC0F3E1F1E1EE7
S31500021E501E3E1E3E1E1E3C1FF80FF007F80FFC1E0C
S31500021E603E3E1F3C1F7C0F7C0F7C1F3C3E3FFC1FEF
S31500021E70F00700000000000000000000F007F80F65
S31500021E807C1E3E3C1E3C1F7C1F7C1F7C1F7C1F3C15
S31500021E903F3EFF1FEF071F001E001E003E003C00D4
S31500021EA0F838F03FE01F00000000000000000000CC
S31500021EB0000000000000000000000000E003E00354
S31500021EC0E003E00300000000000000000000000044
S31500021ED00000E003E003E003E0030000000000006E
S31500021EE000000000000000000000000000000000EA
S31500021EF0E003E003E003E00300000000000000004E
S31500021F00000000000000E003E003E003E003E0015C
S31500021F10E001E001C00380030000000000000000B1
S31500021F200000000003000F003F00FC00F003C00F9A
S31500021F30003F00FE003FC00FF003FC003F000F0011
S31500021F400300000000000000000000000000000086
S31500021F500000000000000000000000000000000079
S31500021F60FFFFFFFF000000000000FFFFFFFF000071
S31500021F700000000000000000000000000000000059
S31500021F8000000000000000000000000000E000F871
S31500021F90007E801FE007F8017E001F007E00F80128
S31500021FA0E007801F007E00F800E00000000000004D
S31500021FB000000000F01FFC3F3E381F381F381E008D
S31500021FC01E003C007800F000E001C003C003C00719
S31500021FD0C007000000000000C007C007C0070000DD
S31500021FE00000000000000000F803FE0F1E1F0F3E57
S31500021FF07F3CFF78EF79C773C7F38FF38FF38FF3C5
S315000220009FF39FF3FF73FF7BF779003C1C1FFC0FC6
S31500022010F8030000000000000000000000000000BD
S315000220200000E003E003F007F007F007780F780FEF
S315000220307C0E3C1E3C1E3E3CFE3FFF3F1F780F7847
S315000220400FF007F007F0000000000000000000009B
S31500022050000000000000F83FFC3F3E3C1E3C1E3CD8
S315000220601E3C3E3C7C3CF03FF83F7E3C1F3C1F3C06
S315000220700F3C0F3C1F3CFE3FF83F000000000000F3
S3150002208000000000000000000000FF01FF07871F9C
S31500022090003E003C007C00780078007800780078EA
S315000220A0007C007C003E003F831FFF07FF0100000B
S315000220B00000000000000000000000000000F07FA9
S315000220C0FC7F7E781F781F780F780F780F780F784D
S315000220D00F780F780F780F781F781E787E78F87F42
S315000220E0E07F000000000000000000000000000089
S315000220F00000FF3FFF3F003E003E003E003E003E26
S31500022100003EFE3FFE3F003E003E003E003E003ED9
S31500022110003EFF3FFF3F00000000000000000000FD
S31500022120000000000000FF1FFF1F001E001E001E11
S31500022130001E001E001EFF1FFF1F001E001E001EA7
S31500022140001E001E001E001E001E000000000000F1
S3150002215000000000000000000000FE03FF0F871FC2
S31500022160003E007C007C007800F800F87FF87FF8DB
S315000221700F780F7C0F7C0F3E8F1FFF0FFE030000B0
S3150002218000000000000000000000000000001F7CAC
S315000221901F7C1F7C1F7C1F7C1F7C1F7C1F7CFF7F7C
S315000221A0FF7F1F7C1F7C1F7C1F7C1F7C1F7C1F7C6C
S315000221B01F7C00000000000000000000000000007C
S315000221C00000FC3FFC3FE003E003E003E003E00322
S315000221D0E003E003E003E003E003E003E003E003DF
S315000221E0E003FC3FFC3F000000000000000000008E
S315000221F0000000000000FC1FFC1F7C007C007C002D
S315000222007C007C007C007C007C007C007C007C00E6
S3150002221078007800F838F03FC03F00000000000068
S31500022220000000000000000000001F3C1E3C3C3C79
S31500022230783CF03CE03DE03FC03F803FC03FE03F9E
S31500022240F03DF03C783C7C3C3E3C1F3C0F3C0000A1
S315000222500000000000000000000000000000003E38
S31500022260003E003E003E003E003E003E003E003E76
S31500022270003E003E003E003E003E003E003EFC3F69
S31500022280FC3F00000000000000000000000000000B
S3150002229000001FF81FFC1FFC3FFE3FFE3FFE7FFFB4
S315000222A077FF77FFF7F7E7F7E7F3E7F3C7F307F009
S315000222B007F007F007F00000000000000000000031
S315000222C00000000000000F7C0F7C0F7E0F7F0F7F47
S315000222D08F7F8F7FCF7FEF7BEF79FF79FF78FF7854
S315000222E07F783F783F781F781F7800000000000053
S315000222F000000000000000000000F007FC1F3E3E48
S315000223001F7C0F780F780FF80FF80FF80FF80FF8F9
S315000223100FF80F780F781F7C3E3EFC1FF007000077
S315000223200000000000000000000000000000FC3F6A
S31500022330FF3F1F3E0F3E0F3E0F3E0F3E1F3E3F3EEC
S31500022340FC3FF03F003E003E003E003E003E003EA7
S31500022350003E000000000000000000000000000037
S315000223600000F007FC1F3E3E1F7C0F780F780FF827
S315000223700FF80FF80FF80FF80FF80F780F781F7C89
S315000223803E3EFC1FF8077C003F000F0003000000E2
S31500022390000000000000F03FFC3F7E3C3E3C1E3C3D
S315000223A01E3C3E3C3C3CFC3CF03FE03FF03DF83CF2
S315000223B07C3C3E3C1E3C1F3C0F3C000000000000E3
S315000223C000000000000000000000FC07FE1F0E3E99
S315000223D0003C003C003C003EC01FF80FFE037F009D
S315000223E01F000F000F001F203E3CFC3FF01F0000A5
S315000223F00000000000000000000000000000FFFFD7
S31500022400FFFFE003E003E003E003E003E003E00391
S31500022410E003E003E003E003E003E003E003E0039C
S31500022420E0030000000000000000000000000000C1
S3150002243000000F7C0F7C0F7C0F7C0F7C0F7C0F7CC7
S315000224400F7C0F7C0F7C0F7C0F7C0F7C1E3C1E3C8E
S315000224503E3EFC1FF00700000000000000000000E6
S3150002246000000000000007F007F007F80F780F7C65
S315000224701E3C1E3C1E3E3C1E3C1F781F780FF80F6A
S31500022480F007F007F007E003E00300000000000099
S315000224900000000000000000000003E003F003F06B
S315000224A007F0E7F3E7F3E7F3E773F77BF77FFF7FDF
S315000224B07F7F7F7F7E7F7E3F3E3E3E3E3E3E0000EA
S315000224C0000000000000000000000000000007F805
S315000224D00F7C1E3E3E3E3C1FF80FF007E007E0036E
S315000224E0E003F007F80F7C0F7C1E3E3C1F780F7846
S315000224F00FF00000000000000000000000000000D5
S31500022500000007F807780F7C1E3C1E3E3C1F780F22
S31500022510F80FF007E003E003E003E003E003E00363
S31500022520E003E003E00300000000000000000000FA
S31500022530000000000000FF7FFF7F0F001F003E002B
S315000225407C00F800F000E001E003C007800F000FF6
S31500022550001E003E007CFF7FFF7F0000000000009F
S3150002256000000000FF0780078007800780078007BA
S31500022570800780078007800780078007800780071B
S31500022580800780078007800780078007800780070B
S315000225908007FF07FF07000000780078003C003C38
S315000225A0001E001E000F000F80078007C003C00335
S315000225B0E001E001F000F000780078003C003C0009
S315000225C01E001E000F000F0007000000F07FF00043
S315000225D0F000F000F000F000F000F000F000F00073
S315000225E0F000F000F000F000F000F000F000F00063
S315000225F0F000F000F000F000F000F07FF07F000045
S31500022600C000C001C001E003E003F007F00778074D
S31500022610780F380F3C1E3C1E1E3C1E3C0F380F78AE
S315000226200778000000000000000000000000000023
S315000226300000000000000000000000000000000092
S315000226400000000000000000000000000000000082
S315000226500000000000000000000000000000FFFF74
S31500022660FFFF000000000000F00000000000000074
S315000226700000000000000000000000000000000052
S315000226800000000000000000000000000000000042
S315000226900000000000000000000000000000000032
S315000226A00000000000000000F80FFC3F7C3C3E00EA
S315000226B03E003E00FE07FE1F3E3E3E7C3E783E7CCE
S315000226C07E7CFF3FCF1F00000000000000000000DC
S315000226D0003C003C003C003C003C003CF83DFE3F18
S315000226E03E3F1F3E0F3C0F3C0F3C0F3C0F3C0F3C46
S315000226F01F3C1E3C3E3FFC3FF03B0000000000003A
S3150002270000000000000000000000000000000000C1
S31500022710FE03FF0F871F003E003E003C007C007C4C
S31500022720007C003C003E003E871FFF0FFE030000B8
S3150002273000000000000000001F001F001F001F0015
S315000227401F001F00FF07FF1F3F3E1F3C1F7C1F7C11
S315000227501F7C1F781F781F7C1F7C3F3C7F3EFF1F1C
S31500022760DF0F000000000000000000000000000073
S315000227700000000000000000F803FC0F3E1F1E3E92
S315000227801F3C1F7CFF7FFF7F007C007C003C003EDD
S31500022790071FFF0FFE0300000000000000000000FC
S315000227A0FF01E103C003C007C007C007FF7FFF7F29
S315000227B0C007C007C007C007C007C007C007C007D9
S315000227C0C007C007C007C007C0070000000000001E
S315000227D000000000000000000000000000000000F1
S315000227E0EF07FF1F7F3E1F3C1F7C1F7C1F781F7851
S315000227F01F781F7C1F7C3F3C7F3EFF1FDF0F1E00A2
S315000228001E001E007C38F83F003C003C003C003CA9
S31500022810003C003CFC3DFE3F9E3F1F3F1F3E1F3CCF
S315000228201F3C1F3C1F3C1F3C1F3C1F3C1F3C1F3CC8
S315000228301F3C00000000000000000000F001F00153
S315000228400000000000000000E07FE07FE001E00100
S31500022850E001E001E001E001E001E001E001E00168
S31500022860E001E001E00100000000000000000000BD
S31500022870F800F8000000000000000000F83FF83FF2
S31500022880F800F800F800F800F800F800F800F80080
S31500022890F800F800F800F800F800F800F800F00078
S315000228A0F071E07F003C003C003C003C003C003CF8
S315000228B01F3C3E3C7C3CF83CF03DE03DC03FC03F07
S315000228C0E03FF03DF83C7C3C3E3C1F3C1F3C000098
S315000228D00000000000000000F07FF001F001F001AE
S315000228E0F001F001F001F001F001F001F001F00158
S315000228F0F001F001F001F001F001F001F001F00148
S31500022900F0010000000000000000000000000000CE
S3150002291000000000000000009EF7FFFFFFFFFFFF20
S31500022920E7FBE7F9C7F1C7F1C7F1C7F1C7F1C7F18D
S31500022930C7F1C7F1C7F10000000000000000000067
S31500022940000000000000000000000000FC3DFE3F09
S315000229509E3F1F3F1F3E1F3C1F3C1F3C1F3C1F3C10
S315000229601F3C1F3C1F3C1F3C1F3C00000000000098
S31500022970000000000000000000000000000000004F
S31500022980F007FC1F3E3E1F3C1F7C0F780F780F7826
S315000229900F780F781F7C1F3C3E3EFC1FF00700009D
S315000229A0000000000000000000000000000000001F
S315000229B000000000F83DFE3F3E3F1F3E0F3C0F3C2D
S315000229C00F3C0F3C0F3C0F3C1F3C1E3E3E3FFC3F64
S315000229D0F83F003C003C003C003C003C000000008C
S315000229E00000000000000000EE07FE1F7E3E1E3CB7
S315000229F01E7C1E781E781E781E781E781E7C3E7CF3
S31500022A007E3EFE1FDE0F1E001E001E001E001E0062
S31500022A100000000000000000000000007F1FFF1FF2
S31500022A20E71FC71F871F001F001F001F001F001F71
S31500022A30001F001F001F001F001F000000000000F3
S31500022A40000000000000000000000000000000007E
S31500022A50FC07FE1F0E1E003E003E003FE01FFC0765
S31500022A60FE003E001E001E003E3CFC3FF01F000022
S31500022A7000000000000000000000000000008007C7
S31500022A8080078007FF7FFF7F800780078007800718
S31500022A90800780078007800780078007C007FF033B
S31500022AA0FF0100000000000000000000000000001E
S31500022AB000000000000000001E3C1E3C1E3C1E3CA6
S31500022AC01E3C1E3C1E3C1E3C1E3C1E3C3E3C7E3CAE
S31500022AD0FE3EFE1FDE0F00000000000000000000A8
S31500022AE000000000000000000000000007F00F7860
S31500022AF00F781E3C1E3C1E3E3C1E3C1E780F780F75
S31500022B00F00FF007F007E003E0030000000000000A
S31500022B1000000000000000000000000000000000AD
S31500022B2003F0E3F1E3F3E7F3F7F3F7F3F77F777FE6
S31500022B307F7F7F7F7F7F3E3E3E3E3E3E3E3E0000A3
S31500022B40000000000000000000000000000000007D
S31500022B50000000000F7C1E3E3C3E3C1FF80FF007B3
S31500022B60F007E003F007F807F80F7C1E3E3E1F3C15
S31500022B701F780000000000000000000000000000B6
S31500022B80000000000000000007F80F780F7C1E3CD2
S31500022B901E3C3C1E3C1E3C1F780FF80FF007F00748
S31500022BA0E003E003C003C003C0038007800F007F79
S31500022BB0000000000000000000000000FF3FFF3F91
S31500022BC01F003E007C00F800F001E003C007800F02
S31500022BD0001F001E003CFF7FFF7F00000000000078
S31500022BE000000000FE01E003C003C003C003C003EF
S31500022BF0E001E001E001C001C003803F803FC00365
S31500022C00C001E001E001E001C003C003C003C0034C
S31500022C10E003FE017E000000C001C001C001C00148
S31500022C20C001C001C001C001C001C001C001C00194
S31500022C30C001C001C001C001C001C001C001C00184
S31500022C40C001C001C001C001C0010000C03FE003D5
S31500022C50E001E001E001E001C001C003C003C001E0
S31500022C60E001FE00FE00E001C001C003C003C00196
S31500022C70E001E001E001E001E003C03F003F0000A7
S31500022C80000000000000000000000000000000003C
S31500022C90000000000000073FC77FE773FFF17EF0E8
S31500022CA0000000000000000000000000000000001C
S31500022CB0000000000000000000000000000000000C
S31500022CC0000000000020002000200020002000005C
S31500022CD000200000005000500050000000000000DC
S31500022CE0000000000050005000F8005000F80050AC
S31500022CF0005000000020007800A00070002800F0BC
S31500022D000020000000C000C800100020004000980B
S31500022D1000180000004000A000A0004000A800909B
S31500022D200068000000300030002000400000000073
S31500022D30000000000010002000400040004000207B
S31500022D4000100000004000200010001000100020BB
S31500022D5000400000002000A8007000F8007000A8E3
S31500022D600020000000000020002000F800200020C3
S31500022D7000000000000000000000000000300030EB
S31500022D800020000000000000000000F80000000023
S31500022D9000000000000000000000000000000030FB
S31500022DA000300000000000080010002000400080F3
S31500022DB00000000000700088009800A800C8008883
S31500022DC0007000000020006000200020002000208B
S31500022DD0007000000070008800080070008000800B
S31500022DE000F8000000F80008001000300008008813
S31500022DF000700000001000300050009000F8001033
S31500022E000010000000F8008000F0000800080088AA
S31500022E100070000000380040008000F00088008842
S31500022E200070000000F800080008001000200040B2
S31500022E30008000000070008800880070008800880A
S31500022E4000700000007000880088007800080010FA
S31500022E5000E000000000000000200000002000004A
S31500022E6000000000000000000020000000200020FA
S31500022E700040000000080010002000400020001062
S31500022E80000800000000000000F8000000F8000042
S31500022E900000000000400020001000080010002082
S31500022EA0004000000070008800080030002000008A
S31500022EB0002000000070008800A800B800B0008062
S31500022EC000780000002000500088008800F8008882
S31500022ED00088000000F00088008800F00088008862
S31500022EE000F00000007000880080008000800088EA
S31500022EF00070000000F000880088008800880088C2
S31500022F0000F0000000F80080008000F000800080E1
S31500022F1000F8000000F80080008000F000800080C9
S31500022F2000800000007800880080008000980088F9
S31500022F300078000000880088008800F80088008871
S31500022F4000880000007000200020002000200020E1
S31500022F5000700000003800100010001000100090F1
S31500022F60006000000088009000A000C000A0009051
S31500022F7000880000008000800080008000800080C1
S31500022F8000F80000008800D800A800A800A8008861
S31500022F90008800000088008800C800A80098008801
S31500022FA00088000000700088008800880088008879
S31500022FB00070000000F00088008800F000800080A9
S31500022FC000800000007000880088008800A8009039
S31500022FD00068000000F00088008800F000A0009061
S31500022FE000880000007000880080007000080088D9
S31500022FF00070000000F800A8002000200020002039
S315000230000020000000880088008800880088008868
S315000230100070000000880088008800880088005040
S315000230200020000000880088008800A800A800A8E8
S3150002303000500000008800880050002000500088E0
S315000230400088000000880088005000200020002030
S315000230500020000000F80008001000700040008008
S3150002306000F80000007800400040004000400040A8
S3150002307000780000000000800040002000100008D8
S315000230800000000000780008000800080008000898
S3150002309000780000002000500088000000000000B8
S315000230A00000000000000000000000000000000018
S315000230B000F8000000600060002000100000000020
S315000230C00000000000000000006000100070009088
S315000230D0007800000080008000B000C8008800C8A8
S315000230E000B0000000000000007000880080008828
S315000230F00070000000080008006800980088009828
S3150002310000680000000000000070008800F80080DF
S31500023110007000000010002800200070002000202F
S31500023120002000000000000000700098009800686F
S31500023130000800000080008000B000C800880088F7
S31500023140008800000020000000600020002000200F
S315000231500070000000100000001000100010009027
S315000231600060000000800080009000A000C000A067
S3150002317000900000006000200020002000200020B7
S31500023180007000000000000000D000A800A800A8FF
S3150002319000A800000000000000B000C800880088F7
S315000231A00088000000000000007000880088008887
S315000231B0007000000000000000B000C800C800B0A7
S315000231C00080000000000000006800980098006877
S315000231D0000800000000000000B000C80080008067
S315000231E000800000000000000078008000700008E7
S315000231F000F000000020002000F800200020002837
S315000232000010000000000000008800880088009876
S315000232100068000000000000008800880088005056
S3150002322000200000000000000088008800A800A816
S3150002323000500000000000000088005000200050EE
S31500023240008800000000000000880088007800085E
S31500023250008800000000000000F800100020004076
S3150002326000F800000010002000200040002000208E
S315000232700010000000200020002000000020002096
S315000232800020000000400020002000100020002046
S3150002329000400000004000A80010000000000000EE
S315000232A00000000000000000000000000000000016
S315000232B000000000000000000010001000100010C6
S315000232C00010001000000010000000000028002876
S315000232D000280000000000000000000000000000BE
S315000232E000240024007C00240048007C004800489A
S315000232F0000000000038005400500038001400544A
S31500023300005400380010000000200054005800301D
S3150002331000280054001400080000000000100028D5
S315000233200028001000340048004800340000000065
S315000233300010001000100000000000000000000055
S3150002334000000000000800100020002000200020DD
S3150002335000200020001000080020001000080008CD
S3150002336000080008000800080010002000100038BD
S31500023370001000280000000000000000000000000D
S315000233800000000000100010007C00100010000079
S315000233900000000000000000000000000000000025
S315000233A000000010001000100000000000000000E5
S315000233B000000038000000000000000000000000CD
S315000233C000000000000000000000001000000000E5
S315000233D00008000800100010001000100020002055
S315000233E00000000000380044004400540044004439
S315000233F000440038000000000010003000500010A9
S3150002340000100010001000100000000000380044F8
S3150002341000440004000800100020007C00000000A8
S315000234200038004400040018000400040044003878
S315000234300000000000080018002800280048007C50
S315000234400008000800000000007C004000400078F0
S315000234500004000400440038000000000038004464
S315000234600040007800440044004400380000000098
S31500023470007C00040008001000100020002000203C
S3150002348000000000003800440044003800440044B4
S3150002349000440038000000000038004400440044A4
S315000234A0003C000400440038000000000000000058
S315000234B000100000000000000000001000000000E4
S315000234C000000000000000100000000000000010D4
S315000234D00010001000000000000C00300040003018
S315000234E0000C000000000000000000000000007C4C
S315000234F00000007C00000000000000000000000048
S3150002350000600018000400180060000000000000BF
S3150002351000380044000400080010001000000010EB
S315000235200000000000380044004C0054005C0040DB
S315000235300040003800000000001000280028002883
S315000235400028007C0044004400000000007800448B
S315000235500044007800440044004400780000000063
S31500023560003800440040004000400040004400385B
S31500023570000000000070004800440044004400447B
S315000235800048007000000000007C00400040007C03
S31500023590004000400040007C00000000007C00402B
S315000235A0004000780040004000400040000000005B
S315000235B00038004400400040005C004400440038EB
S315000235C000000000004400440044007C0044004423
S315000235D000440044000000000038001000100010F3
S315000235E00010001000100038000000000004000463
S315000235F00004000400040004004400380000000037
S315000236000044004800500060005000480048004452
S315000236100000000000400040004000400040004022
S315000236200040007C000000000044006C006C005466
S3150002363000440044004400440000000000440064CA
S31500023640006400540054004C004C0044000000008A
S31500023650003800440044004400440044004400385A
S315000236600000000000780044004400440078004056
S3150002367000400040000000000038004400440044BE
S31500023680004400440054003800040000007800445E
S31500023690004400440078004800480044000000004E
S315000236A0003800440040003000080004004400389E
S315000236B000000000007C0010001000100010001036
S315000236C000100010000000000044004400440044C2
S315000236D00044004400440038000000000044004456
S315000236E000440028002800280010001000000000F6
S315000236F000440044005400540054006C0028002882
S3150002370000000000004400280028001000100028D5
S31500023710002800440000000000440044002800285D
S31500023720001000100010001000000000007C0004D1
S3150002373000080010001000200040007C000000007D
S3150002374000180010001000100010001000100010E9
S3150002375000100018002000200010001000100010B9
S3150002376000080008000000000030001000100010E1
S315000237700010001000100010001000300010002889
S3150002378000280044000000000000000000000000C5
S315000237900000000000000000000000000000000021
S315000237A0000000FE002000100000000000000000E3
S315000237B00000000000000000000000000038004485
S315000237C0003C0044004C0034000000000040004071
S315000237D000580064004400440064005800000000E1
S315000237E00000000000380044004000400044003859
S315000237F000000000000400040034004C00440044B1
S31500023800004C0034000000000000000000380044B4
S31500023810007C00400044003800000000000C00104C
S31500023820007C0010001000100010001000000000C4
S31500023830000000000034004C00440044004C0034F8
S315000238400004007800400040005800640044004430
S315000238500044004400000000001000000070001048
S315000238600010001000100010000000000010000000
S31500023870007000100010001000100010001000E090
S3150002388000400040004800500060005000480044DC
S315000238900000000000700010001000100010001060
S315000238A00010001000000000000000000078005424
S315000238B000540054005400540000000000000000B0
S315000238C00058006400440044004400440000000024
S315000238D00000000000380044004400440044003860
S315000238E0000000000000000000580064004400448C
S315000238F00064005800400040000000000034004C04
S3150002390000440044004C003400040004000000009F
S3150002391000580064004000400040004000000000E3
S31500023920000000000038004400300008004400385F
S315000239300000000000200020007800200020002067
S3150002394000200018000000000000000000440044AF
S3150002395000440044004C0034000000000000000057
S31500023960004400440028002800280010000000003F
S3150002397000000000005400540054006C0028002887
S3150002398000000000000000000044002800100010A3
S31500023990002800440000000000000000004400442B
S315000239A0002800280010001000100060000000002F
S315000239B0007C0008001000200040007C000000008F
S315000239C00018001000100010002000200010001047
S315000239D00010001800100010001000100010001057
S315000239E0001000100010001000300010001000102F
S315000239F0000800080010001000100030000000004F
S31500023A0000000074004C00000000000000000000EE
S31500023A100B12000018EF010000000000100F00005A
S31500023A2074FC0100583A02001018000098070200C0
S31500023A3000000000101A00006819020000000000D1
S31500023A4006080000B42C020000000000070A00006D
S31500023A50A4320200000000000605060B0A0D0B0444
S31500023A600707080A050605080A0A0A0A0A0A0A0AC6
S31500023A700A0A05050A0A0A09100B0B0C0C0B0B0C99
S31500023A800D060A0C0A0F0D0C0B0C0C0B0B0C0B1073
S31500023A900B0B0B0608050808060A0A0A0A0A080A90
S31500023AA00A050509050F0A0A0A0A0709070A090D7E
S31500023AB00909090705070C000001000000000000C3
S31500023AC0E803000001000000746F75740000000036
S31500023AD072745F0053696D756C6174696F6E2066EE
S31500023AE0696E69736865640025336400446973749A
S31500023AF0616E6365000000003A000000565F736560
S31500023B0074000000445F6D696E00000050574D005E
S31500023B1025642C25642C25642C2564004469737461
S31500023B20616E63652C25640A000000005673657495
S31500023B302C25640A0000000053706565642C256418
S31500023B400A000000446D696E2C25640A000000001C
S31500023B502A2A2A204572726F72206372656174691D
S31500023B606E67207369676E616C7320737472756316
S31500023B707475726520696E20746865207374727537
S31500023B806374206C6F67207661726961626C65206E
S31500023B9025730A002A2A2A204572726F72206372DE
S31500023BA0656174696E67206C6F6720766172696100
S31500023BB0626C652025730A0076616C756573000078
S31500023BC000000000000000000000000000000000ED
S31500023BD000000000000000000000000000000000DD
S31500023BE000000000000000000000000000000000CD
S31500023BF0000000000000000076616C756544696D86
S31500023C00656E73696F6E73000000000000000000AD
S31500023C10000000000000000000000000000000009C
S31500023C20000000000000000000000000000000008C
S31500023C30000000000000000064696D656E73696F24
S31500023C406E7300000000000000000000000000008B
S31500023C50000000000000000000000000000000005C
S31500023C60000000000000000000000000000000004C
S31500023C7000000000000000006C6162656C0000003C
S31500023C80000000000000000000000000000000002C
S31500023C90000000000000000000000000000000001C
S31500023CA0000000000000000000000000000000000C
S31500023CB00000000000000000626C6F636B4E616DD5
S31500023CC06500000000000000000000000000000087
S31500023CD000000000000000000000000000000000DC
S31500023CE000000000000000000000000000000000CC
S31500023CF0000000000000000073746174654E616D7F
S31500023D006500000000000000000000000000000046
S31500023D10000000000000000000000000000000009B
S31500023D20000000000000000000000000000000008B
S31500023D300000000000000000696E5265666572654B
S31500023D406E6365644D6F64656C00000000000000E0
S31500023D50000000000000000000000000000000005B
S31500023D60000000000000000000000000000000004B
S31500023D7000000000000000000000000076616C7583
S31500023D806573000000000000000000000000000053
S31500023D90000000000000000000000000000000001B
S31500023DA0000000000000000000000000000000000B
S31500023DB000000000000000000000000064696D655C
S31500023DC06E73696F6E730000000000000000000051
S31500023DD000000000000000000000000000000000DB
S31500023DE000000000000000000000000000000000CB
S31500023DF00000000000000000000000006C61626527
S31500023E006C0000000000000000000000000000003E
S31500023E10000000000000000000000000000000009A
S31500023E20000000000000000000000000000000008A
S31500023E30000000000000000000000000626C6F63DA
S31500023E406B4E616D6500000000000000000000007E
S31500023E50000000000000000000000000000000005A
S31500023E60000000000000000000000000000000004A
S31500023E70000000000000000000000000737461747E
S31500023E80654E616D65000000000000000000000044
S31500023E90000000000000000000000000000000001A
S31500023EA0000000000000000000000000000000000A
S31500023EB0000000000000000000000000696E52656C
S31500023EC0666572656E6365644D6F64656C000000BD
S31500023ED000000000000000000000000000000000DA
S31500023EE000000000000000000000000000000000CA
S31500023EF000000000000000000000000000000000BA
S31500023F0076616C7565730000000000000000000019
S31500023F100000000000000000000000000000000099
S31500023F200000000000000000000000000000000089
S31500023F300000000000000000000000000000000079
S31500023F4076616C756544696D656E73696F6E730033
S31500023F500000000000000000000000000000000059
S31500023F600000000000000000000000000000000049
S31500023F700000000000000000000000000000000039
S31500023F8064696D656E73696F6E73000000000000F0
S31500023F900000000000000000000000000000000019
S31500023FA00000000000000000000000000000000009
S31500023FB000000000000000000000000000000000F9
S31500023FC06C6162656C0000000000000000000000E9
S31500023FD000000000000000000000000000000000D9
S31500023FE000000000000000000000000000000000C9
S31500023FF000000000000000000000000000000000B9
S315000240007469746C65000000000000000000000086
S315000240100000000000000000000000000000000098
S315000240200000000000000000000000000000000088
S315000240300000000000000000000000000000000078
S31500024040706C6F745374796C650000000000000098
S315000240500000000000000000000000000000000058
S315000240600000000000000000000000000000000048
S315000240700000000000000000000000000000000038
S315000240800000000076616C75657300000000000098
S315000240900000000000000000000000000000000018
S315000240A00000000000000000000000000000000008
S315000240B000000000000000000000000000000000F8
S315000240C00000000064696D656E73696F6E730000AF
S315000240D000000000000000000000000000000000D8
S315000240E000000000000000000000000000000000C8
S315000240F000000000000000000000000000000000B8
S31500024100000000006C6162656C00000000000000A7
S315000241100000000000000000000000000000000097
S315000241200000000000000000000000000000000087
S315000241300000000000000000000000000000000077
S31500024140000000007469746C650000000000000045
S315000241500000000000000000000000000000000057
S315000241600000000000000000000000000000000047
S315000241700000000000000000000000000000000037
S3150002418000000000706C6F745374796C6500000057
S315000241900000000000000000000000000000000017
S315000241A00000000000000000000000000000000007
S315000241B000000000000000000000000000000000F7
S315000241C000000000000000004D656D6F72792061ED
S315000241D06C6C6F636174696F6E206572726F7200C8
S315000241E074696D6500000000000000000000000018
S315000241F000000000000000000000000000000000B7
S3150002420000000000000000000000000000000000A6
S315000242100000000000000000000000000000000096
S315000242207369676E616C7300000000000000000095
S315000242300000000000000000000000000000000076
S315000242400000000000000000000000000000000066
S315000242500000000000000000000000000000000056
S31500024260626C6F636B4E616D6500000000000000BA
S315000242700000000000000000000000000000000036
S315000242800000000000000000000000000000000026
S315000242900000000000000000000000000000000016
S315000242A0000000002A2A2A205573696E67206120C1
S315000242B064656661756C7420627566666572206FE8
S315000242C0662073697A6520256420666F72206C6F9A
S315000242D06767696E67207661726961626C6520251F
S315000242E0730A00000A2A2A2A204D656D6F72792008
S315000242F0726571756972656420746F206C6F6720D0
S315000243007661726961626C6520272573272069735D
S3150002431020746F6F0A202020206269672E20557351
S31500024320652074686520274C696D697420726F7701
S315000243307320746F206C6173743A2720616E642057
S31500024340286F72290A2020202027446563696D613F
S3150002435074696F6E3A27206F7074696F6E7320747A
S315000243606F20726564756365207468652072657175
S3150002437075697265640A202020206D656D6F7279F9
S315000243802073697A652E0A002A2A2A2044657461F6
S31500024390696C733A0A202020202020207661724E12
S315000243A0616D652020202020202020203D202573BD
S315000243B00A202020202020206E526F777320202092
S315000243C020202020202020203D2025640A20202095
S315000243D0202020206E436F6C732020202020202076
S315000243E0202020203D2025640A2020202020202075
S315000243F0656C656D656E7453697A65202020202090
S315000244003D20256C750A2020202020202042797428
S31500024410657320526571756972656420203D202599
S315000244202E3136670A0A00002A2A2A204572726F3E
S315000244307220616C6C6F636174696E67206D656D65
S315000244406F727920666F72206C6F6767696E67207C
S3150002445025730A002A2A2A204572726F7220616C1D
S315000244606C6F636174696E67206D656D6F7279201A
S31500024470666F72207468652063697263756C617217
S31500024480206275666665720A000000002A2A2A20E2
S3150002449044657461696C733A0A202020202020202A
S315000244A07661724E616D652020202020202020201A
S315000244B03D2025730A202020202020206E526F776F
S315000244C07320202020202020202020203D2025642B
S315000244D00A202020202020206E436F6C732020208B
S315000244E020202020202020203D2025640A20202074
S315000244F020202020656C656D656E7453697A65208F
S31500024500202020203D20256C750A202020202020F6
S31500024510204279746573205265717565737465649A
S31500024520203D20252E3136670A0A00002A2A2A2033
S315000245304572726F7220616C6C6F636174696E672B
S31500024540206D656D6F727920666F722074686520C2
S3150002455063697263756C6172206275666665722044
S31500024560666F72206C6F6767696E67207468652074
S31500024570696D6167696E6172792070617274206F0C
S31500024580662025730A0000006E6F6E65000000004B
S3150002459020287265616C2070617274290000000027
S315000245A02A2A2A204D656D6F727920616C6C6F63C1
S315000245B06174696F6E206572726F722E0A00000056
S315000245C0202020207661724E616D652020202020F9
S315000245D020202020203D20257325730A202020201C
S315000245E06E526F777320202020202020202020204A
S315000245F0203D2025640A202020206E436F6C732004
S3150002460020202020202020202020203D2025640A52
S3150002461020202020656C656D656E7453697A65206D
S3150002462020202020203D20256C750A2020202043B2
S31500024630757272656E742053697A65202020202077
S315000246403D20252E3136670A202020204661696CDE
S31500024650656420726573697A65202020203D2025D5
S315000246602E3136670A0A0000202020207661724E1B
S31500024670616D65202020202020202020203D20253D
S31500024680732028636F6D706C65782070617274296F
S315000246900A202020206E526F7773202020202020AF
S315000246A02020202020203D2025640A202020206E64
S315000246B0436F6C73202020202020202020202020E1
S315000246C03D2025640A20202020656C656D656E7488
S315000246D053697A652020202020203D20256C750A0A
S315000246E02020202043757272656E742053697A65A4
S315000246F020202020203D20252E3136670A2020202A
S31500024700204661696C656420726573697A6520204A
S3150002471020203D20252E3136670A0A00202020203F
S315000247207661724E616D6520202020202020202097
S31500024730203D2025730A202020206E526F77732099
S3150002474020202020202020202020203D2025640A11
S31500024750202020206E436F6C7320202020202020F2
S3150002476020202020203D2025640A20202020656C60
S31500024770656D656E7453697A652020202020203D80
S3150002478020256C750A2020202043757272656E748E
S315000247902053697A6520202020203D20252E31369F
S315000247A0670A202020204661696C65642072657361
S315000247B0697A65202020203D20252E3136670A0A97
S315000247C0000000002A2A2A204572726F7273206F37
S315000247D063637572726564207768656E20737461AF
S315000247E07274696E672064617461206C6F676769B1
S315000247F06E672E0A00000000436F756C64206E6FB0
S315000248007420616C6C6F63617465206D656D6F7287
S315000248107920666F72206C6F6767696E672E00007B
S3150002482025732E0A00000000308AFF1F494E4600FB
S31500024830696E66004E414E006E616E003031323353
S3150002484034353637383941424344454600303132F1
S315000248503334353637383961626364656600300051
S315000248602020202020202020202020202020202040
S315000248703030303030303030303030303030303030
S3150002488065256C6400000A000100020003000400B2
S31500024890050006000700080009000A000B000C00CC
S315000248A00D000E000F0010002020202020202020C6
S315000248B02020202020202020303030303030303070
S315000248C03030303030303030002020202020202080
S315000248D020202828282828202020202020202020A8
S315000248E020202020202020202088101010101010B8
S315000248F01010101010101010100404040404040404
S31500024900040404101010101010104141414141419D
S31500024910010101010101010101010101010101017F
S31500024920010101011010101010104242424242428F
S31500024930020202020202020202020202020202024F
S3150002494002020202101010102000000000000000F7
S31500024950000000000000000000000000000000004F
S31500024960000000000000000000000000000000003F
S31500024970000000000000000000000000000000002F
S31500024980000000000000000000000000000000001F
S31500024990000000000000000000000000000000000F
S315000249A000000000000000000000000000000000FF
S315000249B000000000000000000000000000000000EF
S315000249C0000000000000000000496E66696E69740E
S315000249D079004E614E004300504F534958002E0055
S315000249E00080E03779C34143176E05B5B5B89346E3
S315000249F0F5F93FE9034F384D321D30F94877825AAF
S31500024A003CBF737FDD4F1575000000000000F03FCC
S31500024A100000000000002440000000000000594091
S31500024A200000000000408F40000000000088C340E4
S31500024A3000000000006AF8400000000080842E4159
S31500024A4000000000D01263410000000084D79741A5
S31500024A500000000065CDCD41000000205FA00242AB
S31500024A60000000E876483742000000A2941A6D4220
S31500024A70000040E59C30A2420000901EC4BCD64213
S31500024A8000003426F56B0C430080E03779C34143BE
S31500024A9000A0D8855734764300C84E676DC1AB4334
S31500024AA0003D9160E458E143408CB5781DAF154452
S31500024AB050EFE2D6E41A4B4492D54D06CFF080442D
S31500024AC0F64AE1C7022DB544B49DD9794378EA4442
S31500024AD005000000190000007D00000035000000FE
S31500024AE0CEFBFFFFCB030000010000000000000028
S31500024AF034000000CEFBFFFFCB03000001000000E4
S31500024B000000000000000000BC89D897B2D29C3C8D
S31500024B1033A7A8D523F649393DA7F444FD0FA5329C
S31500024B209D978CCF08BA5B25436FAC642806681143
S31100024B30DE490200DF490200C493FF1FA9
S30D00024B3C5883FE7F0100000010
S31500024B444101020000420102000029010000002A7C
S31500024B54010000002B010000002C010000003401BA
S31500024B640000003501000000360100000043010286
S31500024B7400003A010000003C010200003D0102006F
S31500024B84003E010200003F0102000044010200004F
S31500024B9445010200004601020000470102000048E6
S31500024BA40102000049010200004A010200004B0111
S31500024BB40200004C01020000370100000038010027
S31500024BC400002D010000002E010000002F0100004C
S31500024BD40030010000003101000000320100000033
S31500024BE4052E01000F2E0100192E010001000000FE
S31500024BF40000000000000000000000000000B041B8
S31500024C04000000006400000001010101010100002E
S31500024C14010100000100010000127A0000010003F4
S31500024C24010100000001000000000C000203000064
S31500024C340100000000000000000000000301010062
S31500024C440003030001020301000600010101000042
S31500024C540101000101000000000000000000000044
S31500024C640000000000000000000000000000000038
S31500024C740000000000000000010101010101010120
S31500024C8400000000200000005485FF1F01010000FF
S31500024C94C884FF1F410102000042010200004601CE
S31500024CA4020000470102000048010200004A010214
S31500024CB400004B010200004C010200004401020004
S31500024CC400450102000049010200003C0102000005
S31500024CD43D010200003E010200003F0102000043C2
S31500024CE40102000029010000002A010000002B0134
S31500024CF40000002C010000003A0100000037010008
S31500024D0400003801000000320100000034010000F6
S31500024D1400350100000036010000002D01000000EC
S31500024D242E010000002F01000000300100000031B6
S31500024D340100000001000000000000000000000164
S31500024D440103030301000000020101030000000144
S31500024D5400000000A13201000100FFFF0886FF1FC8
S31500024D640100000000000101010101010305030322
S31500024D74000000000000030001000000E803000038
S31500024D840000000000000000DC0D002050000001BD
S31500024D94801A0600010000003537010000000000F9
S31500024DA400C201000000000100000000009004405F
S31500024DB402000000000000030000000000000000E2
S31500024DC400000000009004400300000000000003FD
S31500024DD400000000000000000000000000A00440E3
S31500024DE40A000000000000010000000040F00F402D
S31500024DF40100000000A004400800000000000002B8
S31500024E0400000000000000000000000000A00440B2
S31500024E14090000000000000200000000000000007B
S31500024E240000000000B004400C0000000000000175
S31500024E340000000080F00F400000000000B00440B3
S31500024E440D000000000000010000000080F00F4089
S31500024E540000000000B004400E0000000000000044
S31500024E6400000000000000000000000000B0044042
S31500024E74080000000000000200000000000000001C
S31500024E840000000000B00440090000000000000217
S31500024E9400000000000000000000000000C0044002
S31500024EA4000000000000000100000000C0F00F40F6
S31500024EB40101000000C004400B00000000000001D4
S31500024EC400000000C0F00F400100000000C00440D2
S31500024ED40C000000000000020000000000000000B8
S31500024EE40000000000C004400F00000000000001A2
S31500024EF400000000C0F00F400101000000C00440A1
S31500024F04100000000000000100000000C0F00F4085
S31500024F140101000000C0044002000000000000027B
S31500024F2400000000000000000000000000C0044071
S31500024F340300000000000002000000000000000060
S31500024F440000000000D00440040000000000000538
S31500024F5400000000000000000000000000D0044031
S31500024F64050000000000000500000000000000002B
S31500024F740000000000000000F168E388B5F8D43EA2
S31500024F840000000000005940FCA9F1D24D62403FE6
S31500024F947B14AE47E17A843F000000000000F03F34
S31500024FA40000000000000000666666666666E63F6C
S31500024FB4333333333333D33F0000000000000000A1
S31500024FC4000000000000F03F00000000000049401D
S31500024FD49A9999999999C93F00000000000059C00D
S31500024FE40000000000000000000000000000F03F86
S31500024FF4000000000000000000000000000059400C
S31500025004000A0A00EC3A0200000000000000000058
S3150002501400390A00F83A020000000000000000000D
S3150002502401410A0000000000814301001000000053
S31500025034000A1400FC3A020000000000000000000E
S3150002504400391400F83A02000000000000000000D3
S315000250540141140000000000994301001000000001
S31500025064000A1E00043B02000000000000000000CB
S3150002507400391E00F83A0200000000000000000099
S3150002508401411E0000000000B143010010000000AF
S31500025094000A28000C3B0200000000000000000089
S315000250A400392800F83A020000000000000000005F
S315000250B40141280000000000C9430100100000005D
S315000250C40304E803000000000001000100000100DF
S315000250D400000001000100000400000000010001BC
S315000250E400000500000000010001000000000000AD
S315000250F400000000000000000000000000000000A4
S315000251040000000000000000000000000000000093
S31500025114000000002086FF1F3486FF1FE40E0020D5
S315000251240400000001000000994401000000000090
S315000251340000000000010000A1440100010000007B
S315000251440000000000010000F94401000A0000000A
S315000251540000000000010000000000000000F07FD3
S31500025164000000000000F8FF0000C0FF308AFF1FA5
S31500025174000000001C8DFF1F808DFF1FE48DFF1FA2
S315000251840000000000000000000000000000000013
S315000251940000000000000000000000000000000003
S315000251A400000000000000000000000000000000F3
S315000251B400000000000000000000000000000000E3
S315000251C400000000000000000000000000000000D3
S315000251D400000000000000000000000000000000C3
S315000251E400000000000000000000000000000000B3
S315000251F400000000000000000000000000000000A3
S315000252040000000000000000000000000000000092
S315000252140000000000000000010000000000000081
S315000252240E33CDAB34126DE6ECDE05000B00000046
S315000252340000000000000000000000000000000062
S315000252440000000000000000000000000000000052
S315000252540000000000000000000000000000000042
S315000252640000000000000000000000000000000032
S315000252740000000000000000000000000000000022
S315000252840000000000000000000000000000000012
S315000252940000000000000000000000000000000002
S315000252A400000000000000000000000000000000F2
S315000252B400000000000000000000000000000000E2
S315000252C400000000000000000000000000000000D2
S315000252D400000000000000000000000000000000C2
S315000252E400000000000000000000000000000000B2
S315000252F400000000000000000000000000000000A2
S315000253040000000000000000000000000000000091
S315000253140000000000000000000000000000000081
S315000253240000000000000000000000000000000071
S315000253340000000000000000000000000000000061
S315000253440000000000000000000000000000000051
S315000253540000000000000000000000000000000041
S315000253640000000000000000000000000000000031
S315000253740000000000000000000000000000000021
S315000253840000000000000000000000000000000011
S315000253940000000000000000000000000000000001
S315000253A400000000000000000000000000000000F1
S315000253B400000000000000000000000000000000E1
S315000253C400000000000000000000000000000000D1
S315000253D400000000000000000000000000000000C1
S315000253E400000000000000000000000000000000B1
S315000253F400000000000000000000000000000000A1
S315000254040000000000000000000000000000000090
S315000254140000000000000000000000000000000080
S315000254240000000000000000000000000000000070
S315000254340000000000000000000000000000000060
S315000254440000000000000000000000000000000050
S315000254540000000000000000000000000000000040
S315000254640000000000000000000000000000000030
S315000254740000000000000000000000000000000020
S315000254840000000000000000000000000000000010
S315000254940000000000000000000000000000000000
S315000254A400000000000000000000000000000000F0
S315000254B400000000000000000000000000000000E0
S315000254C400000000000000000000000000000000D0
S315000254D400000000000000000000000000000000C0
S315000254E400000000000000000000000000000000B0
S315000254F400000000000000000000000000000000A0
S31500025504000000000000000000000000000000008F
S31500025514000000000000000000000000000000007F
S31500025524000000000000000000000000000000006F
S31500025534000000000000000000000000000000005F
S31500025544000000000000000000000000000000004F
S31500025554000000000000000000000000000000003F
S31500025564000000000000000000000000000000002F
S31500025574000000000000000000000000000000001F
S31500025584000000000000000000000000000000000F
S31500025594488EFF1F488EFF1F508EFF1F508EFF1F1F
S315000255A4588EFF1F588EFF1F608EFF1F608EFF1FCF
S315000255B4688EFF1F688EFF1F708EFF1F708EFF1F7F
S315000255C4788EFF1F788EFF1F808EFF1F808EFF1F2F
S315000255D4888EFF1F888EFF1F908EFF1F908EFF1FDF
S315000255E4988EFF1F988EFF1FA08EFF1FA08EFF1F8F
S315000255F4A88EFF1FA88EFF1FB08EFF1FB08EFF1F3F
S31500025604B88EFF1FB88EFF1FC08EFF1FC08EFF1FEE
S31500025614C88EFF1FC88EFF1FD08EFF1FD08EFF1F9E
S31500025624D88EFF1FD88EFF1FE08EFF1FE08EFF1F4E
S31500025634E88EFF1FE88EFF1FF08EFF1FF08EFF1FFE
S31500025644F88EFF1FF88EFF1F008FFF1F008FFF1FAC
S31500025654088FFF1F088FFF1F108FFF1F108FFF1F5A
S31500025664188FFF1F188FFF1F208FFF1F208FFF1F0A
S31500025674288FFF1F288FFF1F308FFF1F308FFF1FBA
S31500025684388FFF1F388FFF1F408FFF1F408FFF1F6A
S31500025694488FFF1F488FFF1F508FFF1F508FFF1F1A
S315000256A4588FFF1F588FFF1F608FFF1F608FFF1FCA
S315000256B4688FFF1F688FFF1F708FFF1F708FFF1F7A
S315000256C4788FFF1F788FFF1F808FFF1F808FFF1F2A
S315000256D4888FFF1F888FFF1F908FFF1F908FFF1FDA
S315000256E4988FFF1F988FFF1FA08FFF1FA08FFF1F8A
S315000256F4A88FFF1FA88FFF1FB08FFF1FB08FFF1F3A
S31500025704B88FFF1FB88FFF1FC08FFF1FC08FFF1FE9
S31500025714C88FFF1FC88FFF1FD08FFF1FD08FFF1F99
S31500025724D88FFF1FD88FFF1FE08FFF1FE08FFF1F49
S31500025734E88FFF1FE88FFF1FF08FFF1FF08FFF1FF9
S31500025744F88FFF1FF88FFF1F0090FF1F0090FF1FA7
S315000257540890FF1F0890FF1F1090FF1F1090FF1F55
S315000257641890FF1F1890FF1F2090FF1F2090FF1F05
S315000257742890FF1F2890FF1F3090FF1F3090FF1FB5
S315000257843890FF1F3890FF1F4090FF1F4090FF1F65
S315000257944890FF1F4890FF1F5090FF1F5090FF1F15
S315000257A45890FF1F5890FF1F6090FF1F6090FF1FC5
S315000257B46890FF1F6890FF1F7090FF1F7090FF1F75
S315000257C47890FF1F7890FF1F8090FF1F8090FF1F25
S315000257D48890FF1F8890FF1F9090FF1F9090FF1FD5
S315000257E49890FF1F9890FF1FA090FF1FA090FF1F85
S315000257F4A890FF1FA890FF1FB090FF1FB090FF1F35
S31500025804B890FF1FB890FF1FC090FF1FC090FF1FE4
S31500025814C890FF1FC890FF1FD090FF1FD090FF1F94
S31500025824D890FF1FD890FF1FE090FF1FE090FF1F44
S31500025834E890FF1FE890FF1FF090FF1FF090FF1FF4
S31500025844F890FF1FF890FF1F0091FF1F0091FF1FA2
S315000258540891FF1F0891FF1F1091FF1F1091FF1F50
S315000258641891FF1F1891FF1F2091FF1F2091FF1F00
S315000258742891FF1F2891FF1F3091FF1F3091FF1FB0
S315000258843891FF1F3891FF1F4091FF1F4091FF1F60
S315000258944891FF1F4891FF1F5091FF1F5091FF1F10
S315000258A45891FF1F5891FF1F6091FF1F6091FF1FC0
S315000258B46891FF1F6891FF1F7091FF1F7091FF1F70
S315000258C47891FF1F7891FF1F8091FF1F8091FF1F20
S315000258D48891FF1F8891FF1F9091FF1F9091FF1FD0
S315000258E49891FF1F9891FF1FA091FF1FA091FF1F80
S315000258F4A891FF1FA891FF1FB091FF1FB091FF1F30
S31500025904B891FF1FB891FF1FC091FF1FC091FF1FDF
S31500025914C891FF1FC891FF1FD091FF1FD091FF1F8F
S31500025924D891FF1FD891FF1FE091FF1FE091FF1F3F
S31500025934E891FF1FE891FF1FF091FF1FF091FF1FEF
S31500025944F891FF1FF891FF1F0092FF1F0092FF1F9D
S315000259540892FF1F0892FF1F1092FF1F1092FF1F4B
S315000259641892FF1F1892FF1F2092FF1F2092FF1FFB
S315000259742892FF1F2892FF1F3092FF1F3092FF1FAB
S315000259843892FF1F3892FF1F4092FF1F4092FF1F5B
S31500025994FFFFFFFF000002004300000000000000BA
S315000259A400000000000000000000000000000000EB
S315000259B40000000000000000430000000000000098
S315000259C400000000000000000000000000000000CB
S315000259D40000000000000000430000000000000078
S315000259E400000000000000000000000000000000AB
S315000259F40000000000000000430000000000000058
S31500025A04000000000000000000000000000000008A
S31500025A140000000000000000430000000000000037
S31500025A24000000000000000000000000000000006A
S31500025A340000000000000000430000000000000017
S31500025A44000000000000000000000000000000004A
S31500025A5400000000000000004300000000000000F7
S31500025A64000000000000000000000000000000002A
S31500025A74000000000000000043E3010071C70100BA
S31500025A8400000000C8480200DE490200DF490200A5
S31500025A94DF490200DF490200DF490200DF49020052
S31500025AA4DF490200DF490200DF490200DF49020042
S31500025AB4FFFFFFFFFFFFFFFFFFFFFFFFFFFF0000E8
S31500025AC40100415343494900000000000000000060
S31500025AD400000000000000000000000000000000BA
S31500025AE40000415343494900000000000000000041
S31500025AF4000000000000000000000000000000009A
S30D00025B0400000000FF00000092
S7050000C41125
